WWMeasureID,reporterID,sampleID,labID,assayMethodID,analysisDate,reportDate,fractionAnalyzed,type,value,unit,aggregation,index,qualityFlag,accessToPublic,accessToAllOrg,accessToPHAC,accessToLocalHA,accessToProvHA,accessToOtherProv,accessToDetails,notes
Quebec_Est_WWTP_2021-01-31_pstGrit_1_ModelEau_lab_wqTSS_2021-02-03_1,MaryamTohidi,Quebec_Est_WWTP_2021-01-31_pstGrit_1,ModelEau_lab,na,2021-02-03,na,mixed,wqTSS,375.0000000000142,mg/L,single,1,na,YES,YES,YES,YES,YES,YES,YES,na
Quebec_Est_WWTP_2021-01-31_pstGrit_1_ModelEau_lab_wqTSS_2021-02-03_2,MaryamTohidi,Quebec_Est_WWTP_2021-01-31_pstGrit_1,ModelEau_lab,na,2021-02-03,na,mixed,wqTSS,375.0000000000142,mg/L,single,2,na,YES,YES,YES,YES,YES,YES,YES,na
Quebec_Est_WWTP_2021-01-31_pstGrit_1_ModelEau_lab_wqTSS_2021-02-03_3,MaryamTohidi,Quebec_Est_WWTP_2021-01-31_pstGrit_1,ModelEau_lab,na,2021-02-03,na,mixed,wqTSS,312.49999999999335,mg/L,single,3,na,YES,YES,YES,YES,YES,YES,YES,na
Quebec_Est_WWTP_2021-01-31_pstGrit_1_ModelEau_lab_wqTSS_2021-02-03_4,MaryamTohidi,Quebec_Est_WWTP_2021-01-31_pstGrit_1,ModelEau_lab,na,2021-02-03,na,mixed,wqTSS,399.9999999999837,mg/L,single,4,na,YES,YES,YES,YES,YES,YES,YES,na
Quebec_Est_WWTP_2021-01-31_pstGrit_1_ModelEau_lab_wqTSS_2021-02-03_5,MaryamTohidi,Quebec_Est_WWTP_2021-01-31_pstGrit_1,ModelEau_lab,na,2021-02-03,na,mixed,wqTSS,400.0000000000114,mg/L,single,5,na,YES,YES,YES,YES,YES,YES,YES,na
Quebec_Est_WWTP_2021-01-31_pstGrit_1_ModelEau_lab_wqTSS_2021-02-03_6,MaryamTohidi,Quebec_Est_WWTP_2021-01-31_pstGrit_1,ModelEau_lab,na,2021-02-03,na,mixed,wqTSS,349.99999999996146,mg/L,single,6,na,YES,YES,YES,YES,YES,YES,YES,na
Quebec_Est_WWTP_2021-01-31_pstGrit_1_ModelEau_lab_wqTSS_2021-02-03_7,MaryamTohidi,Quebec_Est_WWTP_2021-01-31_pstGrit_1,ModelEau_lab,na,2021-02-03,na,mixed,wqTSS,500.00000000000045,mg/L,single,7,na,YES,YES,YES,YES,YES,YES,YES,na
Quebec_Est_WWTP_2021-01-31_pstGrit_1_ModelEau_lab_wqTSS_2021-02-03_8,MaryamTohidi,Quebec_Est_WWTP_2021-01-31_pstGrit_1,ModelEau_lab,na,2021-02-03,na,mixed,wqTSS,174.99999999998073,mg/L,single,8,na,YES,YES,YES,YES,YES,YES,YES,na
Quebec_Est_WWTP_2021-01-31_pstGrit_1_ModelEau_lab_wqTS_2021-02-03_1,MaryamTohidi,Quebec_Est_WWTP_2021-01-31_pstGrit_1,ModelEau_lab,na,2021-02-03,na,mixed,wqTS,790.0000000000063,mg/L,single,1,na,YES,YES,YES,YES,YES,YES,YES,na
Quebec_Est_WWTP_2021-01-31_pstGrit_1_ModelEau_lab_wqTS_2021-02-03_2,MaryamTohidi,Quebec_Est_WWTP_2021-01-31_pstGrit_1,ModelEau_lab,na,2021-02-03,na,mixed,wqTS,784.0000000000024,mg/L,single,2,na,YES,YES,YES,YES,YES,YES,YES,na
Quebec_Ouest_WWTP_2021-01-31_pstGrit_1_ModelEau_lab_wqTSS_2021-02-03_1,MaryamTohidi,Quebec_Ouest_WWTP_2021-01-31_pstGrit_1,ModelEau_lab,na,2021-02-03,na,mixed,wqTSS,212.50000000000435,mg/L,single,1,na,YES,YES,YES,YES,YES,YES,YES,na
Quebec_Ouest_WWTP_2021-01-31_pstGrit_1_ModelEau_lab_wqTSS_2021-02-03_2,MaryamTohidi,Quebec_Ouest_WWTP_2021-01-31_pstGrit_1,ModelEau_lab,na,2021-02-03,na,mixed,wqTSS,437.50000000000733,mg/L,single,2,na,YES,YES,YES,YES,YES,YES,YES,na
Quebec_Ouest_WWTP_2021-01-31_pstGrit_1_ModelEau_lab_wqTSS_2021-02-03_3,MaryamTohidi,Quebec_Ouest_WWTP_2021-01-31_pstGrit_1,ModelEau_lab,na,2021-02-03,na,mixed,wqTSS,237.5000000000016,mg/L,single,3,na,YES,YES,YES,YES,YES,YES,YES,na
Quebec_Ouest_WWTP_2021-01-31_pstGrit_1_ModelEau_lab_wqTSS_2021-02-03_4,MaryamTohidi,Quebec_Ouest_WWTP_2021-01-31_pstGrit_1,ModelEau_lab,na,2021-02-03,na,mixed,wqTSS,200.0000000000057,mg/L,single,4,na,YES,YES,YES,YES,YES,YES,YES,na
Quebec_Ouest_WWTP_2021-01-31_pstGrit_1_ModelEau_lab_wqTSS_2021-02-03_5,MaryamTohidi,Quebec_Ouest_WWTP_2021-01-31_pstGrit_1,ModelEau_lab,na,2021-02-03,na,mixed,wqTSS,250.00000000002797,mg/L,single,5,na,YES,YES,YES,YES,YES,YES,YES,na
Quebec_Ouest_WWTP_2021-01-31_pstGrit_1_ModelEau_lab_wqTSS_2021-02-03_6,MaryamTohidi,Quebec_Ouest_WWTP_2021-01-31_pstGrit_1,ModelEau_lab,na,2021-02-03,na,mixed,wqTSS,124.99999999998623,mg/L,single,6,na,YES,YES,YES,YES,YES,YES,YES,na
Quebec_Ouest_WWTP_2021-01-31_pstGrit_1_ModelEau_lab_wqTSS_2021-02-03_7,MaryamTohidi,Quebec_Ouest_WWTP_2021-01-31_pstGrit_1,ModelEau_lab,na,2021-02-03,na,mixed,wqTSS,1749.9999999999739,mg/L,single,7,na,YES,YES,YES,YES,YES,YES,YES,na
Quebec_Ouest_WWTP_2021-01-31_pstGrit_1_ModelEau_lab_wqTSS_2021-02-03_8,MaryamTohidi,Quebec_Ouest_WWTP_2021-01-31_pstGrit_1,ModelEau_lab,na,2021-02-03,na,mixed,wqTSS,1350.0000000000177,mg/L,single,8,na,YES,YES,YES,YES,YES,YES,YES,na
Quebec_Est_WWTP_2021-01-31_pstGrit_1_ModelEau_lab_wqNH4N_2021-02-03_1,MaryamTohidi,Quebec_Est_WWTP_2021-01-31_pstGrit_1,ModelEau_lab,na,2021-02-03,na,liquid,wqNH4N,16.8,mg/L,single,1,na,YES,YES,YES,YES,YES,YES,YES,na
Quebec_Est_WWTP_2021-01-31_pstGrit_1_ModelEau_lab_wqNH4N_2021-02-03_2,MaryamTohidi,Quebec_Est_WWTP_2021-01-31_pstGrit_1,ModelEau_lab,na,2021-02-03,na,liquid,wqNH4N,16.6,mg/L,single,2,na,YES,YES,YES,YES,YES,YES,YES,na
Quebec_Ouest_WWTP_2021-01-31_pstGrit_1_ModelEau_lab_wqNH4N_2021-02-03_1,MaryamTohidi,Quebec_Ouest_WWTP_2021-01-31_pstGrit_1,ModelEau_lab,na,2021-02-03,na,liquid,wqNH4N,17.1,mg/L,single,1,na,YES,YES,YES,YES,YES,YES,YES,na
Quebec_Ouest_WWTP_2021-01-31_pstGrit_1_ModelEau_lab_wqNH4N_2021-02-03_2,MaryamTohidi,Quebec_Ouest_WWTP_2021-01-31_pstGrit_1,ModelEau_lab,na,2021-02-03,na,liquid,wqNH4N,16.9,mg/L,single,2,na,YES,YES,YES,YES,YES,YES,YES,na
Quebec_Est_WWTP_2021-01-31_pstGrit_1_ModelEau_lab_wqPh_2021-02-03_1,MaryamTohidi,Quebec_Est_WWTP_2021-01-31_pstGrit_1,ModelEau_lab,na,2021-02-03,na,mixed,wqPh,7.35,ph,single,1,na,YES,YES,YES,YES,YES,YES,YES,na
Quebec_Ouest_WWTP_2021-01-31_pstGrit_1_ModelEau_lab_wqPh_2021-02-03_1,MaryamTohidi,Quebec_Ouest_WWTP_2021-01-31_pstGrit_1,ModelEau_lab,na,2021-02-03,na,mixed,wqPh,7.5,ph,single,1,na,YES,YES,YES,YES,YES,YES,YES,na
Quebec_Est_WWTP_2021-01-31_pstGrit_1_ModelEau_lab_wqTS_2021-02-03_3,MaryamTohidi,Quebec_Est_WWTP_2021-01-31_pstGrit_1,ModelEau_lab,na,2021-02-03,na,mixed,wqTS,816.6666666666507,mg/L,single,3,na,YES,YES,YES,YES,YES,YES,YES,na
Quebec_Est_WWTP_2021-01-31_pstGrit_1_ModelEau_lab_wqTS_2021-02-03_4,MaryamTohidi,Quebec_Est_WWTP_2021-01-31_pstGrit_1,ModelEau_lab,na,2021-02-03,na,mixed,wqTS,966.6666666666712,mg/L,single,4,na,YES,YES,YES,YES,YES,YES,YES,na
Quebec_Ouest_WWTP_2021-01-31_pstGrit_1_ModelEau_lab_wqTS_2021-02-03_1,MaryamTohidi,Quebec_Ouest_WWTP_2021-01-31_pstGrit_1,ModelEau_lab,na,2021-02-03,na,mixed,wqTS,637.9999999999874,mg/L,single,1,na,YES,YES,YES,YES,YES,YES,YES,na
Quebec_Ouest_WWTP_2021-01-31_pstGrit_1_ModelEau_lab_wqTS_2021-02-03_2,MaryamTohidi,Quebec_Ouest_WWTP_2021-01-31_pstGrit_1,ModelEau_lab,na,2021-02-03,na,mixed,wqTS,650.0000000000127,mg/L,single,2,na,YES,YES,YES,YES,YES,YES,YES,na
Quebec_Ouest_WWTP_2021-01-31_pstGrit_1_ModelEau_lab_wqTS_2021-02-03_3,MaryamTohidi,Quebec_Ouest_WWTP_2021-01-31_pstGrit_1,ModelEau_lab,na,2021-02-03,na,mixed,wqTS,566.6666666666782,mg/L,single,3,na,YES,YES,YES,YES,YES,YES,YES,na
Quebec_Ouest_WWTP_2021-01-31_pstGrit_1_ModelEau_lab_wqTS_2021-02-03_4,MaryamTohidi,Quebec_Ouest_WWTP_2021-01-31_pstGrit_1,ModelEau_lab,na,2021-02-03,na,mixed,wqTS,566.6666666666413,mg/L,single,4,na,YES,YES,YES,YES,YES,YES,YES,na
Quebec_Est_WWTP_2021-01-31_pstGrit_1_ModelEau_lab_wqTS_2021-02-03_5,MaryamTohidi,Quebec_Est_WWTP_2021-01-31_pstGrit_1,ModelEau_lab,na,2021-02-03,na,mixed,wqTS,799.9999999999859,mg/L,single,5,na,YES,YES,YES,YES,YES,YES,YES,na
Quebec_Est_WWTP_2021-01-31_pstGrit_1_ModelEau_lab_wqTS_2021-02-03_6,MaryamTohidi,Quebec_Est_WWTP_2021-01-31_pstGrit_1,ModelEau_lab,na,2021-02-03,na,mixed,wqTS,933.3333333333045,mg/L,single,6,na,YES,YES,YES,YES,YES,YES,YES,na
Quebec_Ouest_WWTP_2021-01-31_pstGrit_1_ModelEau_lab_wqTS_2021-02-03_5,MaryamTohidi,Quebec_Ouest_WWTP_2021-01-31_pstGrit_1,ModelEau_lab,na,2021-02-03,na,mixed,wqTS,736.6666666666817,mg/L,single,5,na,YES,YES,YES,YES,YES,YES,YES,na
Quebec_Ouest_WWTP_2021-01-31_pstGrit_1_ModelEau_lab_wqTS_2021-02-03_6,MaryamTohidi,Quebec_Ouest_WWTP_2021-01-31_pstGrit_1,ModelEau_lab,na,2021-02-03,na,mixed,wqTS,699.9999999999969,mg/L,single,6,na,YES,YES,YES,YES,YES,YES,YES,na
Quebec_Est_WWTP_2021-02-01_pstGrit_1_ModelEau_lab_wqTSS_2021-02-03_1,MaryamTohidi,Quebec_Est_WWTP_2021-02-01_pstGrit_1,ModelEau_lab,na,2021-02-03,na,mixed,wqTSS,412.50000000001006,mg/L,single,1,na,YES,YES,YES,YES,YES,YES,YES,na
Quebec_Est_WWTP_2021-02-01_pstGrit_1_ModelEau_lab_wqTSS_2021-02-03_2,MaryamTohidi,Quebec_Est_WWTP_2021-02-01_pstGrit_1,ModelEau_lab,na,2021-02-03,na,mixed,wqTSS,375.0000000000142,mg/L,single,2,na,YES,YES,YES,YES,YES,YES,YES,na
Quebec_Est_WWTP_2021-02-01_pstGrit_1_ModelEau_lab_wqTSS_2021-02-03_3,MaryamTohidi,Quebec_Est_WWTP_2021-02-01_pstGrit_1,ModelEau_lab,na,2021-02-03,na,mixed,wqTSS,624.9999999999867,mg/L,single,3,na,YES,YES,YES,YES,YES,YES,YES,na
Quebec_Est_WWTP_2021-02-01_pstGrit_1_ModelEau_lab_wqTSS_2021-02-03_4,MaryamTohidi,Quebec_Est_WWTP_2021-02-01_pstGrit_1,ModelEau_lab,na,2021-02-03,na,mixed,wqTSS,300.00000000002245,mg/L,single,4,na,YES,YES,YES,YES,YES,YES,YES,na
Quebec_Est_WWTP_2021-02-01_pstGrit_1_ModelEau_lab_wqTSS_2021-02-03_5,MaryamTohidi,Quebec_Est_WWTP_2021-02-01_pstGrit_1,ModelEau_lab,na,2021-02-03,na,mixed,wqTSS,350.00000000001694,mg/L,single,5,na,YES,YES,YES,YES,YES,YES,YES,na
Quebec_Est_WWTP_2021-02-01_pstGrit_1_ModelEau_lab_wqTSS_2021-02-03_6,MaryamTohidi,Quebec_Est_WWTP_2021-02-01_pstGrit_1,ModelEau_lab,na,2021-02-03,na,mixed,wqTSS,425.0000000000087,mg/L,single,6,na,YES,YES,YES,YES,YES,YES,YES,na
Quebec_Ouest_WWTP_2021-02-01_pstGrit_1_ModelEau_lab_wqTSS_2021-02-03_1,MaryamTohidi,Quebec_Ouest_WWTP_2021-02-01_pstGrit_1,ModelEau_lab,na,2021-02-03,na,mixed,wqTSS,87.49999999999037,mg/L,single,1,na,YES,YES,YES,YES,YES,YES,YES,na
Quebec_Ouest_WWTP_2021-02-01_pstGrit_1_ModelEau_lab_wqTSS_2021-02-03_2,MaryamTohidi,Quebec_Ouest_WWTP_2021-02-01_pstGrit_1,ModelEau_lab,na,2021-02-03,na,mixed,wqTSS,299.9999999999947,mg/L,single,2,na,YES,YES,YES,YES,YES,YES,YES,na
Quebec_Ouest_WWTP_2021-02-01_pstGrit_1_ModelEau_lab_wqTSS_2021-02-03_3,MaryamTohidi,Quebec_Ouest_WWTP_2021-02-01_pstGrit_1,ModelEau_lab,na,2021-02-03,na,mixed,wqTSS,250.00000000000023,mg/L,single,3,na,YES,YES,YES,YES,YES,YES,YES,na
Quebec_Ouest_WWTP_2021-02-01_pstGrit_1_ModelEau_lab_wqTSS_2021-02-03_4,MaryamTohidi,Quebec_Ouest_WWTP_2021-02-01_pstGrit_1,ModelEau_lab,na,2021-02-03,na,mixed,wqTSS,312.49999999999335,mg/L,single,4,na,YES,YES,YES,YES,YES,YES,YES,na
Quebec_Ouest_WWTP_2021-02-01_pstGrit_1_ModelEau_lab_wqTSS_2021-02-03_5,MaryamTohidi,Quebec_Ouest_WWTP_2021-02-01_pstGrit_1,ModelEau_lab,na,2021-02-03,na,mixed,wqTSS,na,mg/L,single,5,Yes,YES,YES,YES,YES,YES,YES,YES,na
Quebec_Ouest_WWTP_2021-02-01_pstGrit_1_ModelEau_lab_wqTSS_2021-02-03_6,MaryamTohidi,Quebec_Ouest_WWTP_2021-02-01_pstGrit_1,ModelEau_lab,na,2021-02-03,na,mixed,wqTSS,375.0000000000142,mg/L,single,6,na,YES,YES,YES,YES,YES,YES,YES,na
Quebec_Ouest_WWTP_2021-02-01_pstGrit_1_ModelEau_lab_wqTSS_2021-02-03_7,MaryamTohidi,Quebec_Ouest_WWTP_2021-02-01_pstGrit_1,ModelEau_lab,na,2021-02-03,na,mixed,wqTSS,99.99999999998899,mg/L,single,7,na,YES,YES,YES,YES,YES,YES,YES,na
Quebec_Ouest_WWTP_2021-02-01_pstGrit_1_ModelEau_lab_wqTSS_2021-02-03_8,MaryamTohidi,Quebec_Ouest_WWTP_2021-02-01_pstGrit_1,ModelEau_lab,na,2021-02-03,na,mixed,wqTSS,275.00000000002524,mg/L,single,8,na,YES,YES,YES,YES,YES,YES,YES,na
Quebec_Est_WWTP_2021-02-01_pstGrit_1_ModelEau_lab_wqNH4N_2021-02-03_1,MaryamTohidi,Quebec_Est_WWTP_2021-02-01_pstGrit_1,ModelEau_lab,na,2021-02-03,na,liquid,wqNH4N,18.2,mg/L,single,1,na,YES,YES,YES,YES,YES,YES,YES,na
Quebec_Est_WWTP_2021-02-01_pstGrit_1_ModelEau_lab_wqNH4N_2021-02-03_2,MaryamTohidi,Quebec_Est_WWTP_2021-02-01_pstGrit_1,ModelEau_lab,na,2021-02-03,na,liquid,wqNH4N,17.8,mg/L,single,2,na,YES,YES,YES,YES,YES,YES,YES,na
Quebec_Ouest_WWTP_2021-02-01_pstGrit_1_ModelEau_lab_wqNH4N_2021-02-03_1,MaryamTohidi,Quebec_Ouest_WWTP_2021-02-01_pstGrit_1,ModelEau_lab,na,2021-02-03,na,liquid,wqNH4N,16.9,mg/L,single,1,na,YES,YES,YES,YES,YES,YES,YES,na
Quebec_Ouest_WWTP_2021-02-01_pstGrit_1_ModelEau_lab_wqNH4N_2021-02-03_2,MaryamTohidi,Quebec_Ouest_WWTP_2021-02-01_pstGrit_1,ModelEau_lab,na,2021-02-03,na,liquid,wqNH4N,17.0,mg/L,single,2,na,YES,YES,YES,YES,YES,YES,YES,na
Quebec_Est_WWTP_2021-02-01_pstGrit_1_ModelEau_lab_wqPh_2021-02-03_1,MaryamTohidi,Quebec_Est_WWTP_2021-02-01_pstGrit_1,ModelEau_lab,na,2021-02-03,na,mixed,wqPh,7.33,ph,single,1,na,YES,YES,YES,YES,YES,YES,YES,na
Quebec_Ouest_WWTP_2021-02-01_pstGrit_1_ModelEau_lab_wqPh_2021-02-03_1,MaryamTohidi,Quebec_Ouest_WWTP_2021-02-01_pstGrit_1,ModelEau_lab,na,2021-02-03,na,mixed,wqPh,7.52,ph,single,1,na,YES,YES,YES,YES,YES,YES,YES,na
Quebec_Est_WWTP_2021-02-01_pstGrit_1_ModelEau_lab_wqTSS_2021-02-03_7,MaryamTohidi,Quebec_Est_WWTP_2021-02-01_pstGrit_1,ModelEau_lab,na,2021-02-03,na,mixed,wqTSS,400.0000000000114,mg/L,single,7,na,YES,YES,YES,YES,YES,YES,YES,na
Quebec_Est_WWTP_2021-02-01_pstGrit_1_ModelEau_lab_wqTSS_2021-02-03_8,MaryamTohidi,Quebec_Est_WWTP_2021-02-01_pstGrit_1,ModelEau_lab,na,2021-02-03,na,mixed,wqTSS,387.50000000001285,mg/L,single,8,na,YES,YES,YES,YES,YES,YES,YES,na
Quebec_Est_WWTP_2021-02-01_pstGrit_1_ModelEau_lab_wqTS_2021-02-03_1,MaryamTohidi,Quebec_Est_WWTP_2021-02-01_pstGrit_1,ModelEau_lab,na,2021-02-03,na,mixed,wqTS,779.999999999994,mg/L,single,1,na,YES,YES,YES,YES,YES,YES,YES,na
Quebec_Est_WWTP_2021-02-01_pstGrit_1_ModelEau_lab_wqTS_2021-02-03_2,MaryamTohidi,Quebec_Est_WWTP_2021-02-01_pstGrit_1,ModelEau_lab,na,2021-02-03,na,mixed,wqTS,807.9999999999998,mg/L,single,2,na,YES,YES,YES,YES,YES,YES,YES,na
Quebec_Est_WWTP_2021-02-01_pstGrit_1_ModelEau_lab_wqTS_2021-02-03_3,MaryamTohidi,Quebec_Est_WWTP_2021-02-01_pstGrit_1,ModelEau_lab,na,2021-02-03,na,mixed,wqTS,783.3333333333211,mg/L,single,3,na,YES,YES,YES,YES,YES,YES,YES,na
Quebec_Est_WWTP_2021-02-01_pstGrit_1_ModelEau_lab_wqTS_2021-02-03_4,MaryamTohidi,Quebec_Est_WWTP_2021-02-01_pstGrit_1,ModelEau_lab,na,2021-02-03,na,mixed,wqTS,933.3333333333416,mg/L,single,4,na,YES,YES,YES,YES,YES,YES,YES,na
Quebec_Ouest_WWTP_2021-02-01_pstGrit_1_ModelEau_lab_wqTS_2021-02-03_1,MaryamTohidi,Quebec_Ouest_WWTP_2021-02-01_pstGrit_1,ModelEau_lab,na,2021-02-03,na,mixed,wqTS,636.0000000000099,mg/L,single,1,na,YES,YES,YES,YES,YES,YES,YES,na
Quebec_Ouest_WWTP_2021-02-01_pstGrit_1_ModelEau_lab_wqTS_2021-02-03_2,MaryamTohidi,Quebec_Ouest_WWTP_2021-02-01_pstGrit_1,ModelEau_lab,na,2021-02-03,na,mixed,wqTS,669.9999999999839,mg/L,single,2,na,YES,YES,YES,YES,YES,YES,YES,na
Quebec_Ouest_WWTP_2021-02-01_pstGrit_1_ModelEau_lab_wqTS_2021-02-03_3,MaryamTohidi,Quebec_Ouest_WWTP_2021-02-01_pstGrit_1,ModelEau_lab,na,2021-02-03,na,mixed,wqTS,766.6666666666563,mg/L,single,3,na,YES,YES,YES,YES,YES,YES,YES,na
Quebec_Ouest_WWTP_2021-02-01_pstGrit_1_ModelEau_lab_wqTS_2021-02-03_4,MaryamTohidi,Quebec_Ouest_WWTP_2021-02-01_pstGrit_1,ModelEau_lab,na,2021-02-03,na,mixed,wqTS,616.6666666666357,mg/L,single,4,na,YES,YES,YES,YES,YES,YES,YES,na
Quebec_Est_WWTP_2021-02-01_pstGrit_1_ModelEau_lab_wqTS_2021-02-03_5,MaryamTohidi,Quebec_Est_WWTP_2021-02-01_pstGrit_1,ModelEau_lab,na,2021-02-03,na,mixed,wqTS,833.3333333333155,mg/L,single,5,na,YES,YES,YES,YES,YES,YES,YES,na
Quebec_Est_WWTP_2021-02-01_pstGrit_1_ModelEau_lab_wqTS_2021-02-03_6,MaryamTohidi,Quebec_Est_WWTP_2021-02-01_pstGrit_1,ModelEau_lab,na,2021-02-03,na,mixed,wqTS,533.3333333332746,mg/L,single,6,na,YES,YES,YES,YES,YES,YES,YES,na
Quebec_Ouest_WWTP_2021-02-01_pstGrit_1_ModelEau_lab_wqTS_2021-02-03_5,MaryamTohidi,Quebec_Ouest_WWTP_2021-02-01_pstGrit_1,ModelEau_lab,na,2021-02-03,na,mixed,wqTS,600.000000000008,mg/L,single,5,na,YES,YES,YES,YES,YES,YES,YES,na
Quebec_Ouest_WWTP_2021-02-01_pstGrit_1_ModelEau_lab_wqTS_2021-02-03_6,MaryamTohidi,Quebec_Ouest_WWTP_2021-02-01_pstGrit_1,ModelEau_lab,na,2021-02-03,na,mixed,wqTS,333.3333333333706,mg/L,single,6,na,YES,YES,YES,YES,YES,YES,YES,na
Quebec_Est_WWTP_2021-02-02_pstGrit_1_ModelEau_lab_wqNH4N_2021-02-05_1,MaryamTohidi,Quebec_Est_WWTP_2021-02-02_pstGrit_1,ModelEau_lab,na,2021-02-05,na,liquid,wqNH4N,16.4,mg/L,single,1,na,YES,YES,YES,YES,YES,YES,YES,na
Quebec_Est_WWTP_2021-02-02_pstGrit_1_ModelEau_lab_wqNH4N_2021-02-05_2,MaryamTohidi,Quebec_Est_WWTP_2021-02-02_pstGrit_1,ModelEau_lab,na,2021-02-05,na,liquid,wqNH4N,16.1,mg/L,single,2,na,YES,YES,YES,YES,YES,YES,YES,na
Quebec_Ouest_WWTP_2021-02-02_pstGrit_1_ModelEau_lab_wqNH4N_2021-02-05_1,MaryamTohidi,Quebec_Ouest_WWTP_2021-02-02_pstGrit_1,ModelEau_lab,na,2021-02-05,na,liquid,wqNH4N,16.4,mg/L,single,1,na,YES,YES,YES,YES,YES,YES,YES,na
Quebec_Ouest_WWTP_2021-02-02_pstGrit_1_ModelEau_lab_wqNH4N_2021-02-05_2,MaryamTohidi,Quebec_Ouest_WWTP_2021-02-02_pstGrit_1,ModelEau_lab,na,2021-02-05,na,liquid,wqNH4N,16.0,mg/L,single,2,na,YES,YES,YES,YES,YES,YES,YES,na
Quebec_Est_WWTP_2021-02-02_pstGrit_1_ModelEau_lab_wqTSS_2021-02-05_1,MaryamTohidi,Quebec_Est_WWTP_2021-02-02_pstGrit_1,ModelEau_lab,na,2021-02-05,na,mixed,wqTSS,339.99999999996254,mg/L,single,1,na,YES,YES,YES,YES,YES,YES,YES,na
Quebec_Est_WWTP_2021-02-02_pstGrit_1_ModelEau_lab_wqTSS_2021-02-05_2,MaryamTohidi,Quebec_Est_WWTP_2021-02-02_pstGrit_1,ModelEau_lab,na,2021-02-05,na,mixed,wqTSS,320.00000000000915,mg/L,single,2,na,YES,YES,YES,YES,YES,YES,YES,na
Quebec_Est_WWTP_2021-02-02_pstGrit_1_ModelEau_lab_wqTSS_2021-02-05_3,MaryamTohidi,Quebec_Est_WWTP_2021-02-02_pstGrit_1,ModelEau_lab,na,2021-02-05,na,mixed,wqTSS,280.0000000000136,mg/L,single,3,na,YES,YES,YES,YES,YES,YES,YES,na
Quebec_Est_WWTP_2021-02-02_pstGrit_1_ModelEau_lab_wqTSS_2021-02-05_4,MaryamTohidi,Quebec_Est_WWTP_2021-02-02_pstGrit_1,ModelEau_lab,na,2021-02-05,na,mixed,wqTSS,300.00000000001137,mg/L,single,4,na,YES,YES,YES,YES,YES,YES,YES,na
Quebec_Est_WWTP_2021-02-02_pstGrit_1_ModelEau_lab_wqTSS_2021-02-05_5,MaryamTohidi,Quebec_Est_WWTP_2021-02-02_pstGrit_1,ModelEau_lab,na,2021-02-05,na,mixed,wqTSS,249.99999999999466,mg/L,single,5,na,YES,YES,YES,YES,YES,YES,YES,na
Quebec_Est_WWTP_2021-02-02_pstGrit_1_ModelEau_lab_wqTSS_2021-02-05_6,MaryamTohidi,Quebec_Est_WWTP_2021-02-02_pstGrit_1,ModelEau_lab,na,2021-02-05,na,mixed,wqTSS,249.99999999999466,mg/L,single,6,na,YES,YES,YES,YES,YES,YES,YES,na
Quebec_Ouest_WWTP_2021-02-02_pstGrit_1_ModelEau_lab_wqTSS_2021-02-05_1,MaryamTohidi,Quebec_Ouest_WWTP_2021-02-02_pstGrit_1,ModelEau_lab,na,2021-02-05,na,mixed,wqTSS,279.99999999999136,mg/L,single,1,na,YES,YES,YES,YES,YES,YES,YES,na
Quebec_Ouest_WWTP_2021-02-02_pstGrit_1_ModelEau_lab_wqTSS_2021-02-05_2,MaryamTohidi,Quebec_Ouest_WWTP_2021-02-02_pstGrit_1,ModelEau_lab,na,2021-02-05,na,mixed,wqTSS,260.00000000001575,mg/L,single,2,na,YES,YES,YES,YES,YES,YES,YES,na
Quebec_Ouest_WWTP_2021-02-02_pstGrit_1_ModelEau_lab_wqTSS_2021-02-05_3,MaryamTohidi,Quebec_Ouest_WWTP_2021-02-02_pstGrit_1,ModelEau_lab,na,2021-02-05,na,mixed,wqTSS,300.00000000001137,mg/L,single,3,na,YES,YES,YES,YES,YES,YES,YES,na
Quebec_Ouest_WWTP_2021-02-02_pstGrit_1_ModelEau_lab_wqTSS_2021-02-05_4,MaryamTohidi,Quebec_Ouest_WWTP_2021-02-02_pstGrit_1,ModelEau_lab,na,2021-02-05,na,mixed,wqTSS,220.00000000002018,mg/L,single,4,na,YES,YES,YES,YES,YES,YES,YES,na
Quebec_Ouest_WWTP_2021-02-02_pstGrit_1_ModelEau_lab_wqTSS_2021-02-05_5,MaryamTohidi,Quebec_Ouest_WWTP_2021-02-02_pstGrit_1,ModelEau_lab,na,2021-02-05,na,mixed,wqTSS,260.00000000001575,mg/L,single,5,na,YES,YES,YES,YES,YES,YES,YES,na
Quebec_Ouest_WWTP_2021-02-02_pstGrit_1_ModelEau_lab_wqTSS_2021-02-05_6,MaryamTohidi,Quebec_Ouest_WWTP_2021-02-02_pstGrit_1,ModelEau_lab,na,2021-02-05,na,mixed,wqTSS,239.99999999997357,mg/L,single,6,na,YES,YES,YES,YES,YES,YES,YES,na
Quebec_Ouest_WWTP_2021-02-02_pstGrit_1_ModelEau_lab_wqTSS_2021-02-05_7,MaryamTohidi,Quebec_Ouest_WWTP_2021-02-02_pstGrit_1,ModelEau_lab,na,2021-02-05,na,mixed,wqTSS,170.00000000000347,mg/L,single,7,na,YES,YES,YES,YES,YES,YES,YES,na
Quebec_Ouest_WWTP_2021-02-02_pstGrit_1_ModelEau_lab_wqTSS_2021-02-05_8,MaryamTohidi,Quebec_Ouest_WWTP_2021-02-02_pstGrit_1,ModelEau_lab,na,2021-02-05,na,mixed,wqTSS,250.00000000001688,mg/L,single,8,na,YES,YES,YES,YES,YES,YES,YES,na
Quebec_Est_WWTP_2021-02-02_pstGrit_1_ModelEau_lab_wqTS_2021-02-05_1,MaryamTohidi,Quebec_Est_WWTP_2021-02-02_pstGrit_1,ModelEau_lab,na,2021-02-05,na,mixed,wqTS,1227.4509803921524,mg/L,single,1,na,YES,YES,YES,YES,YES,YES,YES,na
Quebec_Est_WWTP_2021-02-02_pstGrit_1_ModelEau_lab_wqTS_2021-02-05_2,MaryamTohidi,Quebec_Est_WWTP_2021-02-02_pstGrit_1,ModelEau_lab,na,2021-02-05,na,mixed,wqTS,1266.6666666666752,mg/L,single,2,na,YES,YES,YES,YES,YES,YES,YES,na
Quebec_Ouest_WWTP_2021-02-02_pstGrit_1_ModelEau_lab_wqTS_2021-02-05_1,MaryamTohidi,Quebec_Ouest_WWTP_2021-02-02_pstGrit_1,ModelEau_lab,na,2021-02-05,na,mixed,wqTS,705.555555555589,mg/L,single,1,na,YES,YES,YES,YES,YES,YES,YES,na
Quebec_Ouest_WWTP_2021-02-02_pstGrit_1_ModelEau_lab_wqTS_2021-02-05_2,MaryamTohidi,Quebec_Ouest_WWTP_2021-02-02_pstGrit_1,ModelEau_lab,na,2021-02-05,na,mixed,wqTS,717.0731707316825,mg/L,single,2,na,YES,YES,YES,YES,YES,YES,YES,na
Quebec_Est_WWTP_2021-02-02_pstGrit_1_ModelEau_lab_wqTSS_2021-02-05_7,MaryamTohidi,Quebec_Est_WWTP_2021-02-02_pstGrit_1,ModelEau_lab,na,2021-02-05,na,mixed,wqTSS,340.00000000000693,mg/L,single,7,na,YES,YES,YES,YES,YES,YES,YES,na
Quebec_Est_WWTP_2021-02-02_pstGrit_1_ModelEau_lab_wqTSS_2021-02-05_8,MaryamTohidi,Quebec_Est_WWTP_2021-02-02_pstGrit_1,ModelEau_lab,na,2021-02-05,na,mixed,wqTSS,350.00000000000585,mg/L,single,8,na,YES,YES,YES,YES,YES,YES,YES,na
Quebec_Est_WWTP_2021-02-02_pstGrit_1_ModelEau_lab_wqTS_2021-02-05_3,MaryamTohidi,Quebec_Est_WWTP_2021-02-02_pstGrit_1,ModelEau_lab,na,2021-02-05,na,mixed,wqTS,1294.0000000000039,mg/L,single,3,na,YES,YES,YES,YES,YES,YES,YES,na
Quebec_Est_WWTP_2021-02-02_pstGrit_1_ModelEau_lab_wqTS_2021-02-05_4,MaryamTohidi,Quebec_Est_WWTP_2021-02-02_pstGrit_1,ModelEau_lab,na,2021-02-05,na,mixed,wqTS,1275.9999999999927,mg/L,single,4,na,YES,YES,YES,YES,YES,YES,YES,na
Quebec_Ouest_WWTP_2021-02-02_pstGrit_1_ModelEau_lab_wqTS_2021-02-05_3,MaryamTohidi,Quebec_Ouest_WWTP_2021-02-02_pstGrit_1,ModelEau_lab,na,2021-02-05,na,mixed,wqTS,652.0000000000081,mg/L,single,3,na,YES,YES,YES,YES,YES,YES,YES,na
Quebec_Ouest_WWTP_2021-02-02_pstGrit_1_ModelEau_lab_wqTS_2021-02-05_4,MaryamTohidi,Quebec_Ouest_WWTP_2021-02-02_pstGrit_1,ModelEau_lab,na,2021-02-05,na,mixed,wqTS,763.9999999999958,mg/L,single,4,na,YES,YES,YES,YES,YES,YES,YES,na
Quebec_Est_WWTP_2021-02-03_pstGrit_1_ModelEau_lab_wqNH4N_2021-02-05_1,MaryamTohidi,Quebec_Est_WWTP_2021-02-03_pstGrit_1,ModelEau_lab,na,2021-02-05,na,liquid,wqNH4N,15.3,mg/L,single,1,na,YES,YES,YES,YES,YES,YES,YES,na
Quebec_Est_WWTP_2021-02-03_pstGrit_1_ModelEau_lab_wqNH4N_2021-02-05_2,MaryamTohidi,Quebec_Est_WWTP_2021-02-03_pstGrit_1,ModelEau_lab,na,2021-02-05,na,liquid,wqNH4N,14.3,mg/L,single,2,na,YES,YES,YES,YES,YES,YES,YES,na
Quebec_Ouest_WWTP_2021-02-03_pstGrit_1_ModelEau_lab_wqNH4N_2021-02-05_1,MaryamTohidi,Quebec_Ouest_WWTP_2021-02-03_pstGrit_1,ModelEau_lab,na,2021-02-05,na,liquid,wqNH4N,16.0,mg/L,single,1,na,YES,YES,YES,YES,YES,YES,YES,na
Quebec_Ouest_WWTP_2021-02-03_pstGrit_1_ModelEau_lab_wqNH4N_2021-02-05_2,MaryamTohidi,Quebec_Ouest_WWTP_2021-02-03_pstGrit_1,ModelEau_lab,na,2021-02-05,na,liquid,wqNH4N,16.2,mg/L,single,2,na,YES,YES,YES,YES,YES,YES,YES,na
Quebec_Est_WWTP_2021-02-03_pstGrit_1_ModelEau_lab_wqTSS_2021-02-05_1,MaryamTohidi,Quebec_Est_WWTP_2021-02-03_pstGrit_1,ModelEau_lab,na,2021-02-05,na,mixed,wqTSS,380.00000000000256,mg/L,single,1,na,YES,YES,YES,YES,YES,YES,YES,na
Quebec_Est_WWTP_2021-02-03_pstGrit_1_ModelEau_lab_wqTSS_2021-02-05_2,MaryamTohidi,Quebec_Est_WWTP_2021-02-03_pstGrit_1,ModelEau_lab,na,2021-02-05,na,mixed,wqTSS,300.00000000001137,mg/L,single,2,na,YES,YES,YES,YES,YES,YES,YES,na
Quebec_Est_WWTP_2021-02-03_pstGrit_1_ModelEau_lab_wqTSS_2021-02-05_3,MaryamTohidi,Quebec_Est_WWTP_2021-02-03_pstGrit_1,ModelEau_lab,na,2021-02-05,na,mixed,wqTSS,289.9999999999903,mg/L,single,3,na,YES,YES,YES,YES,YES,YES,YES,na
Quebec_Est_WWTP_2021-02-03_pstGrit_1_ModelEau_lab_wqTSS_2021-02-05_4,MaryamTohidi,Quebec_Est_WWTP_2021-02-03_pstGrit_1,ModelEau_lab,na,2021-02-05,na,mixed,wqTSS,330.0000000000081,mg/L,single,4,na,YES,YES,YES,YES,YES,YES,YES,na
Quebec_Est_WWTP_2021-02-03_pstGrit_1_ModelEau_lab_wqTSS_2021-02-05_5,MaryamTohidi,Quebec_Est_WWTP_2021-02-03_pstGrit_1,ModelEau_lab,na,2021-02-05,na,mixed,wqTSS,300.00000000001137,mg/L,single,5,na,YES,YES,YES,YES,YES,YES,YES,na
Quebec_Est_WWTP_2021-02-03_pstGrit_1_ModelEau_lab_wqTSS_2021-02-05_6,MaryamTohidi,Quebec_Est_WWTP_2021-02-03_pstGrit_1,ModelEau_lab,na,2021-02-05,na,mixed,wqTSS,260.00000000001575,mg/L,single,6,na,YES,YES,YES,YES,YES,YES,YES,na
Quebec_Ouest_WWTP_2021-02-03_pstGrit_1_ModelEau_lab_wqTSS_2021-02-05_1,MaryamTohidi,Quebec_Ouest_WWTP_2021-02-03_pstGrit_1,ModelEau_lab,na,2021-02-05,na,mixed,wqTSS,299.99999999998914,mg/L,single,1,na,YES,YES,YES,YES,YES,YES,YES,na
Quebec_Ouest_WWTP_2021-02-03_pstGrit_1_ModelEau_lab_wqTSS_2021-02-05_2,MaryamTohidi,Quebec_Ouest_WWTP_2021-02-03_pstGrit_1,ModelEau_lab,na,2021-02-05,na,mixed,wqTSS,299.99999999998914,mg/L,single,2,na,YES,YES,YES,YES,YES,YES,YES,na
Quebec_Ouest_WWTP_2021-02-03_pstGrit_1_ModelEau_lab_wqTSS_2021-02-05_3,MaryamTohidi,Quebec_Ouest_WWTP_2021-02-03_pstGrit_1,ModelEau_lab,na,2021-02-05,na,mixed,wqTSS,260.00000000001575,mg/L,single,3,na,YES,YES,YES,YES,YES,YES,YES,na
Quebec_Ouest_WWTP_2021-02-03_pstGrit_1_ModelEau_lab_wqTSS_2021-02-05_4,MaryamTohidi,Quebec_Ouest_WWTP_2021-02-03_pstGrit_1,ModelEau_lab,na,2021-02-05,na,mixed,wqTSS,300.00000000001137,mg/L,single,4,na,YES,YES,YES,YES,YES,YES,YES,na
Quebec_Ouest_WWTP_2021-02-03_pstGrit_1_ModelEau_lab_wqTSS_2021-02-05_5,MaryamTohidi,Quebec_Ouest_WWTP_2021-02-03_pstGrit_1,ModelEau_lab,na,2021-02-05,na,mixed,wqTSS,270.00000000001467,mg/L,single,5,na,YES,YES,YES,YES,YES,YES,YES,na
Quebec_Ouest_WWTP_2021-02-03_pstGrit_1_ModelEau_lab_wqTSS_2021-02-05_6,MaryamTohidi,Quebec_Ouest_WWTP_2021-02-03_pstGrit_1,ModelEau_lab,na,2021-02-05,na,mixed,wqTSS,190.00000000000128,mg/L,single,6,na,YES,YES,YES,YES,YES,YES,YES,na
Quebec_Ouest_WWTP_2021-02-03_pstGrit_1_ModelEau_lab_wqTSS_2021-02-05_7,MaryamTohidi,Quebec_Ouest_WWTP_2021-02-03_pstGrit_1,ModelEau_lab,na,2021-02-05,na,mixed,wqTSS,220.00000000002018,mg/L,single,7,na,YES,YES,YES,YES,YES,YES,YES,na
Quebec_Ouest_WWTP_2021-02-03_pstGrit_1_ModelEau_lab_wqTSS_2021-02-05_8,MaryamTohidi,Quebec_Ouest_WWTP_2021-02-03_pstGrit_1,ModelEau_lab,na,2021-02-05,na,mixed,wqTSS,279.99999999996913,mg/L,single,8,na,YES,YES,YES,YES,YES,YES,YES,na
Quebec_Est_WWTP_2021-02-03_pstGrit_1_ModelEau_lab_wqTS_2021-02-05_1,MaryamTohidi,Quebec_Est_WWTP_2021-02-03_pstGrit_1,ModelEau_lab,na,2021-02-05,na,mixed,wqTS,528.0000000000128,mg/L,single,1,na,YES,YES,YES,YES,YES,YES,YES,na
Quebec_Est_WWTP_2021-02-03_pstGrit_1_ModelEau_lab_wqTS_2021-02-05_2,MaryamTohidi,Quebec_Est_WWTP_2021-02-03_pstGrit_1,ModelEau_lab,na,2021-02-05,na,mixed,wqTS,1520.0000000000102,mg/L,single,2,na,YES,YES,YES,YES,YES,YES,YES,na
Quebec_Ouest_WWTP_2021-02-03_pstGrit_1_ModelEau_lab_wqTS_2021-02-05_1,MaryamTohidi,Quebec_Ouest_WWTP_2021-02-03_pstGrit_1,ModelEau_lab,na,2021-02-05,na,mixed,wqTS,920.000000000023,mg/L,single,1,na,YES,YES,YES,YES,YES,YES,YES,na
Quebec_Ouest_WWTP_2021-02-03_pstGrit_1_ModelEau_lab_wqTS_2021-02-05_2,MaryamTohidi,Quebec_Ouest_WWTP_2021-02-03_pstGrit_1,ModelEau_lab,na,2021-02-05,na,mixed,wqTS,827.9999999999887,mg/L,single,2,na,YES,YES,YES,YES,YES,YES,YES,na
Quebec_Est_WWTP_2021-02-03_pstGrit_1_ModelEau_lab_wqTSS_2021-02-05_7,MaryamTohidi,Quebec_Est_WWTP_2021-02-03_pstGrit_1,ModelEau_lab,na,2021-02-05,na,mixed,wqTSS,380.00000000000256,mg/L,single,7,na,YES,YES,YES,YES,YES,YES,YES,na
Quebec_Est_WWTP_2021-02-03_pstGrit_1_ModelEau_lab_wqTSS_2021-02-05_8,MaryamTohidi,Quebec_Est_WWTP_2021-02-03_pstGrit_1,ModelEau_lab,na,2021-02-05,na,mixed,wqTSS,320.00000000000915,mg/L,single,8,na,YES,YES,YES,YES,YES,YES,YES,na
Quebec_Est_WWTP_2021-02-03_pstGrit_1_ModelEau_lab_wqTS_2021-02-05_3,MaryamTohidi,Quebec_Est_WWTP_2021-02-03_pstGrit_1,ModelEau_lab,na,2021-02-05,na,mixed,wqTS,1516.0000000000018,mg/L,single,3,na,YES,YES,YES,YES,YES,YES,YES,na
Quebec_Est_WWTP_2021-02-03_pstGrit_1_ModelEau_lab_wqTS_2021-02-05_4,MaryamTohidi,Quebec_Est_WWTP_2021-02-03_pstGrit_1,ModelEau_lab,na,2021-02-05,na,mixed,wqTS,1488.0000000000136,mg/L,single,4,na,YES,YES,YES,YES,YES,YES,YES,na
Quebec_Ouest_WWTP_2021-02-03_pstGrit_1_ModelEau_lab_wqTS_2021-02-05_3,MaryamTohidi,Quebec_Ouest_WWTP_2021-02-03_pstGrit_1,ModelEau_lab,na,2021-02-05,na,mixed,wqTS,977.9999999999944,mg/L,single,3,na,YES,YES,YES,YES,YES,YES,YES,na
Quebec_Ouest_WWTP_2021-02-03_pstGrit_1_ModelEau_lab_wqTS_2021-02-05_4,MaryamTohidi,Quebec_Ouest_WWTP_2021-02-03_pstGrit_1,ModelEau_lab,na,2021-02-05,na,mixed,wqTS,983.9999999999982,mg/L,single,4,na,YES,YES,YES,YES,YES,YES,YES,na
Quebec_Est_WWTP_2021-02-04_pstGrit_1_ModelEau_lab_wqTSS_2021-02-08_1,MaryamTohidi,Quebec_Est_WWTP_2021-02-04_pstGrit_1,ModelEau_lab,na,2021-02-08,na,mixed,wqTSS,240.00000000001796,mg/L,single,1,na,YES,YES,YES,YES,YES,YES,YES,na
Quebec_Est_WWTP_2021-02-04_pstGrit_1_ModelEau_lab_wqTSS_2021-02-08_2,MaryamTohidi,Quebec_Est_WWTP_2021-02-04_pstGrit_1,ModelEau_lab,na,2021-02-08,na,mixed,wqTSS,320.00000000000915,mg/L,single,2,na,YES,YES,YES,YES,YES,YES,YES,na
Quebec_Ouest_WWTP_2021-02-04_pstGrit_1_ModelEau_lab_wqTSS_2021-02-08_1,MaryamTohidi,Quebec_Ouest_WWTP_2021-02-04_pstGrit_1,ModelEau_lab,na,2021-02-08,na,mixed,wqTSS,280.0000000000136,mg/L,single,1,na,YES,YES,YES,YES,YES,YES,YES,na
Quebec_Ouest_WWTP_2021-02-04_pstGrit_1_ModelEau_lab_wqTSS_2021-02-08_2,MaryamTohidi,Quebec_Ouest_WWTP_2021-02-04_pstGrit_1,ModelEau_lab,na,2021-02-08,na,mixed,wqTSS,290.00000000001245,mg/L,single,2,na,YES,YES,YES,YES,YES,YES,YES,na
Quebec_Ouest_WWTP_2021-02-04_pstGrit_1_ModelEau_lab_wqTSS_2021-02-08_3,MaryamTohidi,Quebec_Ouest_WWTP_2021-02-04_pstGrit_1,ModelEau_lab,na,2021-02-08,na,mixed,wqTSS,260.00000000001575,mg/L,single,3,na,YES,YES,YES,YES,YES,YES,YES,na
Quebec_Ouest_WWTP_2021-02-04_pstGrit_1_ModelEau_lab_wqTSS_2021-02-08_4,MaryamTohidi,Quebec_Ouest_WWTP_2021-02-04_pstGrit_1,ModelEau_lab,na,2021-02-08,na,mixed,wqTSS,260.00000000001575,mg/L,single,4,na,YES,YES,YES,YES,YES,YES,YES,na
Quebec_Est_WWTP_2021-02-04_pstGrit_1_ModelEau_lab_wqNH4N_2021-02-08_1,MaryamTohidi,Quebec_Est_WWTP_2021-02-04_pstGrit_1,ModelEau_lab,na,2021-02-08,na,liquid,wqNH4N,17.8,mg/L,single,1,na,YES,YES,YES,YES,YES,YES,YES,na
Quebec_Est_WWTP_2021-02-04_pstGrit_1_ModelEau_lab_wqNH4N_2021-02-08_2,MaryamTohidi,Quebec_Est_WWTP_2021-02-04_pstGrit_1,ModelEau_lab,na,2021-02-08,na,liquid,wqNH4N,18.0,mg/L,single,2,na,YES,YES,YES,YES,YES,YES,YES,na
Quebec_Ouest_WWTP_2021-02-04_pstGrit_1_ModelEau_lab_wqNH4N_2021-02-08_1,MaryamTohidi,Quebec_Ouest_WWTP_2021-02-04_pstGrit_1,ModelEau_lab,na,2021-02-08,na,liquid,wqNH4N,14.7,mg/L,single,1,na,YES,YES,YES,YES,YES,YES,YES,na
Quebec_Ouest_WWTP_2021-02-04_pstGrit_1_ModelEau_lab_wqNH4N_2021-02-08_2,MaryamTohidi,Quebec_Ouest_WWTP_2021-02-04_pstGrit_1,ModelEau_lab,na,2021-02-08,na,liquid,wqNH4N,14.4,mg/L,single,2,na,YES,YES,YES,YES,YES,YES,YES,na
Quebec_Est_WWTP_2021-02-04_pstGrit_1_ModelEau_lab_wqPh_2021-02-08_1,MaryamTohidi,Quebec_Est_WWTP_2021-02-04_pstGrit_1,ModelEau_lab,na,2021-02-08,na,mixed,wqPh,7.56,ph,single,1,na,YES,YES,YES,YES,YES,YES,YES,na
Quebec_Ouest_WWTP_2021-02-04_pstGrit_1_ModelEau_lab_wqPh_2021-02-08_1,MaryamTohidi,Quebec_Ouest_WWTP_2021-02-04_pstGrit_1,ModelEau_lab,na,2021-02-08,na,mixed,wqPh,7.65,ph,single,1,na,YES,YES,YES,YES,YES,YES,YES,na
Quebec_Est_WWTP_2021-02-04_pstGrit_1_ModelEau_lab_wqTSS_2021-02-08_3,MaryamTohidi,Quebec_Est_WWTP_2021-02-04_pstGrit_1,ModelEau_lab,na,2021-02-08,na,mixed,wqTSS,280.0000000000136,mg/L,single,3,na,YES,YES,YES,YES,YES,YES,YES,na
Quebec_Est_WWTP_2021-02-04_pstGrit_1_ModelEau_lab_wqTSS_2021-02-08_4,MaryamTohidi,Quebec_Est_WWTP_2021-02-04_pstGrit_1,ModelEau_lab,na,2021-02-08,na,mixed,wqTSS,229.99999999999687,mg/L,single,4,na,YES,YES,YES,YES,YES,YES,YES,na
Quebec_Est_WWTP_2021-02-04_pstGrit_1_ModelEau_lab_wqTS_2021-02-08_1,MaryamTohidi,Quebec_Est_WWTP_2021-02-04_pstGrit_1,ModelEau_lab,na,2021-02-08,na,mixed,wqTS,912.0000000000061,mg/L,single,1,na,YES,YES,YES,YES,YES,YES,YES,na
Quebec_Est_WWTP_2021-02-04_pstGrit_1_ModelEau_lab_wqTS_2021-02-08_2,MaryamTohidi,Quebec_Est_WWTP_2021-02-04_pstGrit_1,ModelEau_lab,na,2021-02-08,na,mixed,wqTS,838.0000000000009,mg/L,single,2,na,YES,YES,YES,YES,YES,YES,YES,na
Quebec_Est_WWTP_2021-02-04_pstGrit_1_ModelEau_lab_wqTS_2021-02-08_3,MaryamTohidi,Quebec_Est_WWTP_2021-02-04_pstGrit_1,ModelEau_lab,na,2021-02-08,na,mixed,wqTS,869.999999999993,mg/L,single,3,na,YES,YES,YES,YES,YES,YES,YES,na
Quebec_Est_WWTP_2021-02-04_pstGrit_1_ModelEau_lab_wqTS_2021-02-08_4,MaryamTohidi,Quebec_Est_WWTP_2021-02-04_pstGrit_1,ModelEau_lab,na,2021-02-08,na,mixed,wqTS,889.9999999999908,mg/L,single,4,na,YES,YES,YES,YES,YES,YES,YES,na
Quebec_Ouest_WWTP_2021-02-04_pstGrit_1_ModelEau_lab_wqTS_2021-02-08_1,MaryamTohidi,Quebec_Ouest_WWTP_2021-02-04_pstGrit_1,ModelEau_lab,na,2021-02-08,na,mixed,wqTS,751.9999999999882,mg/L,single,1,na,YES,YES,YES,YES,YES,YES,YES,na
Quebec_Ouest_WWTP_2021-02-04_pstGrit_1_ModelEau_lab_wqTS_2021-02-08_2,MaryamTohidi,Quebec_Ouest_WWTP_2021-02-04_pstGrit_1,ModelEau_lab,na,2021-02-08,na,mixed,wqTS,760.0000000000051,mg/L,single,2,na,YES,YES,YES,YES,YES,YES,YES,na
Quebec_Ouest_WWTP_2021-02-04_pstGrit_1_ModelEau_lab_wqTS_2021-02-08_3,MaryamTohidi,Quebec_Ouest_WWTP_2021-02-04_pstGrit_1,ModelEau_lab,na,2021-02-08,na,mixed,wqTS,699.9999999999895,mg/L,single,3,na,YES,YES,YES,YES,YES,YES,YES,na
Quebec_Ouest_WWTP_2021-02-04_pstGrit_1_ModelEau_lab_wqTS_2021-02-08_4,MaryamTohidi,Quebec_Ouest_WWTP_2021-02-04_pstGrit_1,ModelEau_lab,na,2021-02-08,na,mixed,wqTS,730.0000000000084,mg/L,single,4,na,YES,YES,YES,YES,YES,YES,YES,na
Quebec_Est_WWTP_2021-02-05_pstGrit_1_ModelEau_lab_wqTSS_2021-02-08_1,MaryamTohidi,Quebec_Est_WWTP_2021-02-05_pstGrit_1,ModelEau_lab,na,2021-02-08,na,mixed,wqTSS,260.00000000001575,mg/L,single,1,na,YES,YES,YES,YES,YES,YES,YES,na
Quebec_Est_WWTP_2021-02-05_pstGrit_1_ModelEau_lab_wqTSS_2021-02-08_2,MaryamTohidi,Quebec_Est_WWTP_2021-02-05_pstGrit_1,ModelEau_lab,na,2021-02-08,na,mixed,wqTSS,380.00000000000256,mg/L,single,2,na,YES,YES,YES,YES,YES,YES,YES,na
Quebec_Ouest_WWTP_2021-02-05_pstGrit_1_ModelEau_lab_wqTSS_2021-02-08_1,MaryamTohidi,Quebec_Ouest_WWTP_2021-02-05_pstGrit_1,ModelEau_lab,na,2021-02-08,na,mixed,wqTSS,250.00000000001688,mg/L,single,1,na,YES,YES,YES,YES,YES,YES,YES,na
Quebec_Ouest_WWTP_2021-02-05_pstGrit_1_ModelEau_lab_wqTSS_2021-02-08_2,MaryamTohidi,Quebec_Ouest_WWTP_2021-02-05_pstGrit_1,ModelEau_lab,na,2021-02-08,na,mixed,wqTSS,249.99999999999466,mg/L,single,2,na,YES,YES,YES,YES,YES,YES,YES,na
Quebec_Ouest_WWTP_2021-02-05_pstGrit_1_ModelEau_lab_wqTSS_2021-02-08_3,MaryamTohidi,Quebec_Ouest_WWTP_2021-02-05_pstGrit_1,ModelEau_lab,na,2021-02-08,na,mixed,wqTSS,199.99999999997797,mg/L,single,3,na,YES,YES,YES,YES,YES,YES,YES,na
Quebec_Ouest_WWTP_2021-02-05_pstGrit_1_ModelEau_lab_wqTSS_2021-02-08_4,MaryamTohidi,Quebec_Ouest_WWTP_2021-02-05_pstGrit_1,ModelEau_lab,na,2021-02-08,na,mixed,wqTSS,199.99999999997797,mg/L,single,4,na,YES,YES,YES,YES,YES,YES,YES,na
Quebec_Est_WWTP_2021-02-05_pstGrit_1_ModelEau_lab_wqNH4N_2021-02-08_1,MaryamTohidi,Quebec_Est_WWTP_2021-02-05_pstGrit_1,ModelEau_lab,na,2021-02-08,na,liquid,wqNH4N,18.3,mg/L,single,1,na,YES,YES,YES,YES,YES,YES,YES,na
Quebec_Est_WWTP_2021-02-05_pstGrit_1_ModelEau_lab_wqNH4N_2021-02-08_2,MaryamTohidi,Quebec_Est_WWTP_2021-02-05_pstGrit_1,ModelEau_lab,na,2021-02-08,na,liquid,wqNH4N,17.9,mg/L,single,2,na,YES,YES,YES,YES,YES,YES,YES,na
Quebec_Ouest_WWTP_2021-02-05_pstGrit_1_ModelEau_lab_wqNH4N_2021-02-08_1,MaryamTohidi,Quebec_Ouest_WWTP_2021-02-05_pstGrit_1,ModelEau_lab,na,2021-02-08,na,liquid,wqNH4N,14.3,mg/L,single,1,na,YES,YES,YES,YES,YES,YES,YES,na
Quebec_Est_WWTP_2021-02-05_pstGrit_1_ModelEau_lab_wqPh_2021-02-08_1,MaryamTohidi,Quebec_Est_WWTP_2021-02-05_pstGrit_1,ModelEau_lab,na,2021-02-08,na,mixed,wqPh,7.56,ph,single,1,na,YES,YES,YES,YES,YES,YES,YES,na
Quebec_Ouest_WWTP_2021-02-05_pstGrit_1_ModelEau_lab_wqPh_2021-02-08_1,MaryamTohidi,Quebec_Ouest_WWTP_2021-02-05_pstGrit_1,ModelEau_lab,na,2021-02-08,na,mixed,wqPh,7.6,ph,single,1,na,YES,YES,YES,YES,YES,YES,YES,na
Quebec_Ouest_WWTP_2021-02-05_pstGrit_1_ModelEau_lab_wqTS_2021-02-08_1,MaryamTohidi,Quebec_Ouest_WWTP_2021-02-05_pstGrit_1,ModelEau_lab,na,2021-02-08,na,mixed,wqTS,702.0000000000159,mg/L,single,1,na,YES,YES,YES,YES,YES,YES,YES,na
Quebec_Ouest_WWTP_2021-02-05_pstGrit_1_ModelEau_lab_wqTS_2021-02-08_2,MaryamTohidi,Quebec_Ouest_WWTP_2021-02-05_pstGrit_1,ModelEau_lab,na,2021-02-08,na,mixed,wqTS,704.0000000000113,mg/L,single,2,na,YES,YES,YES,YES,YES,YES,YES,na
Quebec_Est_WWTP_2021-02-05_pstGrit_1_ModelEau_lab_wqTSS_2021-02-08_3,MaryamTohidi,Quebec_Est_WWTP_2021-02-05_pstGrit_1,ModelEau_lab,na,2021-02-08,na,mixed,wqTSS,360.0000000000048,mg/L,single,3,na,YES,YES,YES,YES,YES,YES,YES,na
Quebec_Est_WWTP_2021-02-05_pstGrit_1_ModelEau_lab_wqTSS_2021-02-08_4,MaryamTohidi,Quebec_Est_WWTP_2021-02-05_pstGrit_1,ModelEau_lab,na,2021-02-08,na,mixed,wqTSS,370.00000000000364,mg/L,single,4,na,YES,YES,YES,YES,YES,YES,YES,na
Quebec_Est_WWTP_2021-02-05_pstGrit_1_ModelEau_lab_wqTS_2021-02-08_1,MaryamTohidi,Quebec_Est_WWTP_2021-02-05_pstGrit_1,ModelEau_lab,na,2021-02-08,na,mixed,wqTS,1150.000000000002,mg/L,single,1,na,YES,YES,YES,YES,YES,YES,YES,na
Quebec_Est_WWTP_2021-02-05_pstGrit_1_ModelEau_lab_wqTS_2021-02-08_2,MaryamTohidi,Quebec_Est_WWTP_2021-02-05_pstGrit_1,ModelEau_lab,na,2021-02-08,na,mixed,wqTS,1226.0000000000025,mg/L,single,2,na,YES,YES,YES,YES,YES,YES,YES,na
Quebec_Est_WWTP_2021-02-05_pstGrit_1_ModelEau_lab_wqTS_2021-02-08_3,MaryamTohidi,Quebec_Est_WWTP_2021-02-05_pstGrit_1,ModelEau_lab,na,2021-02-08,na,mixed,wqTS,1219.9999999999989,mg/L,single,3,na,YES,YES,YES,YES,YES,YES,YES,na
Quebec_Est_WWTP_2021-02-05_pstGrit_1_ModelEau_lab_wqTS_2021-02-08_4,MaryamTohidi,Quebec_Est_WWTP_2021-02-05_pstGrit_1,ModelEau_lab,na,2021-02-08,na,mixed,wqTS,1190.000000000002,mg/L,single,4,na,YES,YES,YES,YES,YES,YES,YES,na
Quebec_Ouest_WWTP_2021-02-05_pstGrit_1_ModelEau_lab_wqTS_2021-02-08_3,MaryamTohidi,Quebec_Ouest_WWTP_2021-02-05_pstGrit_1,ModelEau_lab,na,2021-02-08,na,mixed,wqTS,696.0000000000122,mg/L,single,3,na,YES,YES,YES,YES,YES,YES,YES,na
Quebec_Ouest_WWTP_2021-02-05_pstGrit_1_ModelEau_lab_wqTS_2021-02-08_4,MaryamTohidi,Quebec_Ouest_WWTP_2021-02-05_pstGrit_1,ModelEau_lab,na,2021-02-08,na,mixed,wqTS,703.9999999999935,mg/L,single,4,na,YES,YES,YES,YES,YES,YES,YES,na
Quebec_Est_WWTP_2021-02-06_pstGrit_1_ModelEau_lab_wqTSS_2021-02-08_1,MaryamTohidi,Quebec_Est_WWTP_2021-02-06_pstGrit_1,ModelEau_lab,na,2021-02-08,na,mixed,wqTSS,300.00000000001137,mg/L,single,1,na,YES,YES,YES,YES,YES,YES,YES,na
Quebec_Est_WWTP_2021-02-06_pstGrit_1_ModelEau_lab_wqTSS_2021-02-08_2,MaryamTohidi,Quebec_Est_WWTP_2021-02-06_pstGrit_1,ModelEau_lab,na,2021-02-08,na,mixed,wqTSS,400.00000000000034,mg/L,single,2,na,YES,YES,YES,YES,YES,YES,YES,na
Quebec_Ouest_WWTP_2021-02-06_pstGrit_1_ModelEau_lab_wqTSS_2021-02-08_1,MaryamTohidi,Quebec_Ouest_WWTP_2021-02-06_pstGrit_1,ModelEau_lab,na,2021-02-08,na,mixed,wqTSS,170.00000000000347,mg/L,single,1,na,YES,YES,YES,YES,YES,YES,YES,na
Quebec_Ouest_WWTP_2021-02-06_pstGrit_1_ModelEau_lab_wqTSS_2021-02-08_2,MaryamTohidi,Quebec_Ouest_WWTP_2021-02-06_pstGrit_1,ModelEau_lab,na,2021-02-08,na,mixed,wqTSS,280.0000000000136,mg/L,single,2,na,YES,YES,YES,YES,YES,YES,YES,na
Quebec_Ouest_WWTP_2021-02-06_pstGrit_1_ModelEau_lab_wqTSS_2021-02-08_3,MaryamTohidi,Quebec_Ouest_WWTP_2021-02-06_pstGrit_1,ModelEau_lab,na,2021-02-08,na,mixed,wqTSS,220.00000000002018,mg/L,single,3,na,YES,YES,YES,YES,YES,YES,YES,na
Quebec_Ouest_WWTP_2021-02-06_pstGrit_1_ModelEau_lab_wqTSS_2021-02-08_4,MaryamTohidi,Quebec_Ouest_WWTP_2021-02-06_pstGrit_1,ModelEau_lab,na,2021-02-08,na,mixed,wqTSS,279.99999999996913,mg/L,single,4,na,YES,YES,YES,YES,YES,YES,YES,na
Quebec_Est_WWTP_2021-02-06_pstGrit_1_ModelEau_lab_wqNH4N_2021-02-08_1,MaryamTohidi,Quebec_Est_WWTP_2021-02-06_pstGrit_1,ModelEau_lab,na,2021-02-08,na,liquid,wqNH4N,16.5,mg/L,single,1,na,YES,YES,YES,YES,YES,YES,YES,na
Quebec_Est_WWTP_2021-02-06_pstGrit_1_ModelEau_lab_wqNH4N_2021-02-08_2,MaryamTohidi,Quebec_Est_WWTP_2021-02-06_pstGrit_1,ModelEau_lab,na,2021-02-08,na,liquid,wqNH4N,16.3,mg/L,single,2,na,YES,YES,YES,YES,YES,YES,YES,na
Quebec_Ouest_WWTP_2021-02-06_pstGrit_1_ModelEau_lab_wqNH4N_2021-02-08_1,MaryamTohidi,Quebec_Ouest_WWTP_2021-02-06_pstGrit_1,ModelEau_lab,na,2021-02-08,na,liquid,wqNH4N,15.8,mg/L,single,1,na,YES,YES,YES,YES,YES,YES,YES,na
Quebec_Ouest_WWTP_2021-02-06_pstGrit_1_ModelEau_lab_wqNH4N_2021-02-08_2,MaryamTohidi,Quebec_Ouest_WWTP_2021-02-06_pstGrit_1,ModelEau_lab,na,2021-02-08,na,liquid,wqNH4N,15.5,mg/L,single,2,na,YES,YES,YES,YES,YES,YES,YES,na
Quebec_Est_WWTP_2021-02-06_pstGrit_1_ModelEau_lab_wqPh_2021-02-08_1,MaryamTohidi,Quebec_Est_WWTP_2021-02-06_pstGrit_1,ModelEau_lab,na,2021-02-08,na,mixed,wqPh,7.65,ph,single,1,na,YES,YES,YES,YES,YES,YES,YES,na
Quebec_Ouest_WWTP_2021-02-06_pstGrit_1_ModelEau_lab_wqPh_2021-02-08_1,MaryamTohidi,Quebec_Ouest_WWTP_2021-02-06_pstGrit_1,ModelEau_lab,na,2021-02-08,na,mixed,wqPh,7.36,ph,single,1,na,YES,YES,YES,YES,YES,YES,YES,na
Quebec_Ouest_WWTP_2021-02-06_pstGrit_1_ModelEau_lab_wqTS_2021-02-08_1,MaryamTohidi,Quebec_Ouest_WWTP_2021-02-06_pstGrit_1,ModelEau_lab,na,2021-02-08,na,mixed,wqTS,611.9999999999948,mg/L,single,1,na,YES,YES,YES,YES,YES,YES,YES,na
Quebec_Ouest_WWTP_2021-02-06_pstGrit_1_ModelEau_lab_wqTS_2021-02-08_2,MaryamTohidi,Quebec_Ouest_WWTP_2021-02-06_pstGrit_1,ModelEau_lab,na,2021-02-08,na,mixed,wqTS,595.9999999999965,mg/L,single,2,na,YES,YES,YES,YES,YES,YES,YES,na
Quebec_Ouest_WWTP_2021-02-06_pstGrit_1_ModelEau_lab_wqTS_2021-02-08_3,MaryamTohidi,Quebec_Ouest_WWTP_2021-02-06_pstGrit_1,ModelEau_lab,na,2021-02-08,na,mixed,wqTS,603.9999999999956,mg/L,single,3,na,YES,YES,YES,YES,YES,YES,YES,na
Quebec_Ouest_WWTP_2021-02-06_pstGrit_1_ModelEau_lab_wqTS_2021-02-08_4,MaryamTohidi,Quebec_Ouest_WWTP_2021-02-06_pstGrit_1,ModelEau_lab,na,2021-02-08,na,mixed,wqTS,632.0000000000014,mg/L,single,4,na,YES,YES,YES,YES,YES,YES,YES,na
Quebec_Est_WWTP_2021-02-06_pstGrit_1_ModelEau_lab_wqTSS_2021-02-08_3,MaryamTohidi,Quebec_Est_WWTP_2021-02-06_pstGrit_1,ModelEau_lab,na,2021-02-08,na,mixed,wqTSS,289.9999999999903,mg/L,single,3,na,YES,YES,YES,YES,YES,YES,YES,na
Quebec_Est_WWTP_2021-02-06_pstGrit_1_ModelEau_lab_wqTSS_2021-02-08_4,MaryamTohidi,Quebec_Est_WWTP_2021-02-06_pstGrit_1,ModelEau_lab,na,2021-02-08,na,mixed,wqTSS,289.9999999999903,mg/L,single,4,na,YES,YES,YES,YES,YES,YES,YES,na
Quebec_Est_WWTP_2021-02-06_pstGrit_1_ModelEau_lab_wqTS_2021-02-08_1,MaryamTohidi,Quebec_Est_WWTP_2021-02-06_pstGrit_1,ModelEau_lab,na,2021-02-08,na,mixed,wqTS,798.0000000000053,mg/L,single,1,na,YES,YES,YES,YES,YES,YES,YES,na
Quebec_Est_WWTP_2021-02-06_pstGrit_1_ModelEau_lab_wqTS_2021-02-08_2,MaryamTohidi,Quebec_Est_WWTP_2021-02-06_pstGrit_1,ModelEau_lab,na,2021-02-08,na,mixed,wqTS,812.0000000000082,mg/L,single,2,na,YES,YES,YES,YES,YES,YES,YES,na
Quebec_Est_WWTP_2021-02-06_pstGrit_1_ModelEau_lab_wqTS_2021-02-08_3,MaryamTohidi,Quebec_Est_WWTP_2021-02-06_pstGrit_1,ModelEau_lab,na,2021-02-08,na,mixed,wqTS,850.0000000000174,mg/L,single,3,na,YES,YES,YES,YES,YES,YES,YES,na
Quebec_Est_WWTP_2021-02-06_pstGrit_1_ModelEau_lab_wqTS_2021-02-08_4,MaryamTohidi,Quebec_Est_WWTP_2021-02-06_pstGrit_1,ModelEau_lab,na,2021-02-08,na,mixed,wqTS,829.9999999999974,mg/L,single,4,na,YES,YES,YES,YES,YES,YES,YES,na
Quebec_Est_WWTP_2021-02-07_pstGrit_1_ModelEau_lab_wqNH4N_2021-02-10_1,MaryamTohidi,Quebec_Est_WWTP_2021-02-07_pstGrit_1,ModelEau_lab,na,2021-02-10,na,liquid,wqNH4N,18.9,mg/L,single,1,na,YES,YES,YES,YES,YES,YES,YES,na
Quebec_Est_WWTP_2021-02-07_pstGrit_1_ModelEau_lab_wqNH4N_2021-02-10_2,MaryamTohidi,Quebec_Est_WWTP_2021-02-07_pstGrit_1,ModelEau_lab,na,2021-02-10,na,liquid,wqNH4N,18.6,mg/L,single,2,na,YES,YES,YES,YES,YES,YES,YES,na
Quebec_Ouest_WWTP_2021-02-07_pstGrit_1_ModelEau_lab_wqNH4N_2021-02-10_1,MaryamTohidi,Quebec_Ouest_WWTP_2021-02-07_pstGrit_1,ModelEau_lab,na,2021-02-10,na,liquid,wqNH4N,17.6,mg/L,single,1,na,YES,YES,YES,YES,YES,YES,YES,na
Quebec_Ouest_WWTP_2021-02-07_pstGrit_1_ModelEau_lab_wqNH4N_2021-02-10_2,MaryamTohidi,Quebec_Ouest_WWTP_2021-02-07_pstGrit_1,ModelEau_lab,na,2021-02-10,na,liquid,wqNH4N,17.1,mg/L,single,2,na,YES,YES,YES,YES,YES,YES,YES,na
Quebec_Est_WWTP_2021-02-07_pstGrit_1_ModelEau_lab_wqPh_2021-02-10_1,MaryamTohidi,Quebec_Est_WWTP_2021-02-07_pstGrit_1,ModelEau_lab,na,2021-02-10,na,mixed,wqPh,8.0,ph,single,1,na,YES,YES,YES,YES,YES,YES,YES,na
Quebec_Ouest_WWTP_2021-02-07_pstGrit_1_ModelEau_lab_wqPh_2021-02-10_1,MaryamTohidi,Quebec_Ouest_WWTP_2021-02-07_pstGrit_1,ModelEau_lab,na,2021-02-10,na,mixed,wqPh,7.5,ph,single,1,na,YES,YES,YES,YES,YES,YES,YES,na
Quebec_Est_WWTP_2021-02-07_pstGrit_1_ModelEau_lab_wqCond_2021-02-10_1,MaryamTohidi,Quebec_Est_WWTP_2021-02-07_pstGrit_1,ModelEau_lab,na,2021-02-10,na,mixed,wqCond,1416.0,uS/cm,single,1,na,YES,YES,YES,YES,YES,YES,YES,na
Quebec_Ouest_WWTP_2021-02-07_pstGrit_1_ModelEau_lab_wqCond_2021-02-10_1,MaryamTohidi,Quebec_Ouest_WWTP_2021-02-07_pstGrit_1,ModelEau_lab,na,2021-02-10,na,mixed,wqCond,915.0,uS/cm,single,1,na,YES,YES,YES,YES,YES,YES,YES,na
Quebec_Est_WWTP_2021-02-07_pstGrit_1_ModelEau_lab_wqTSS_2021-02-10_1,MaryamTohidi,Quebec_Est_WWTP_2021-02-07_pstGrit_1,ModelEau_lab,na,2021-02-10,na,mixed,wqTSS,270.00000000001467,mg/L,single,1,na,YES,YES,YES,YES,YES,YES,YES,na
Quebec_Est_WWTP_2021-02-07_pstGrit_1_ModelEau_lab_wqTSS_2021-02-10_2,MaryamTohidi,Quebec_Est_WWTP_2021-02-07_pstGrit_1,ModelEau_lab,na,2021-02-10,na,mixed,wqTSS,259.9999999999936,mg/L,single,2,na,YES,YES,YES,YES,YES,YES,YES,na
Quebec_Est_WWTP_2021-02-07_pstGrit_1_ModelEau_lab_wqTSS_2021-02-10_3,MaryamTohidi,Quebec_Est_WWTP_2021-02-07_pstGrit_1,ModelEau_lab,na,2021-02-10,na,mixed,wqTSS,159.99999999998238,mg/L,single,3,na,YES,YES,YES,YES,YES,YES,YES,na
Quebec_Est_WWTP_2021-02-07_pstGrit_1_ModelEau_lab_wqTSS_2021-02-10_4,MaryamTohidi,Quebec_Est_WWTP_2021-02-07_pstGrit_1,ModelEau_lab,na,2021-02-10,na,mixed,wqTSS,240.00000000001796,mg/L,single,4,na,YES,YES,YES,YES,YES,YES,YES,na
Quebec_Est_WWTP_2021-02-07_pstGrit_1_ModelEau_lab_wqTS_2021-02-10_1,MaryamTohidi,Quebec_Est_WWTP_2021-02-07_pstGrit_1,ModelEau_lab,na,2021-02-10,na,mixed,wqTS,1006.0000000000002,mg/L,single,1,na,YES,YES,YES,YES,YES,YES,YES,na
Quebec_Est_WWTP_2021-02-07_pstGrit_1_ModelEau_lab_wqTS_2021-02-10_2,MaryamTohidi,Quebec_Est_WWTP_2021-02-07_pstGrit_1,ModelEau_lab,na,2021-02-10,na,mixed,wqTS,1012.000000000004,mg/L,single,2,na,YES,YES,YES,YES,YES,YES,YES,na
Quebec_Ouest_WWTP_2021-02-07_pstGrit_1_ModelEau_lab_wqTSS_2021-02-10_1,MaryamTohidi,Quebec_Ouest_WWTP_2021-02-07_pstGrit_1,ModelEau_lab,na,2021-02-10,na,mixed,wqTSS,299.99999999998914,mg/L,single,1,na,YES,YES,YES,YES,YES,YES,YES,na
Quebec_Ouest_WWTP_2021-02-07_pstGrit_1_ModelEau_lab_wqTSS_2021-02-10_2,MaryamTohidi,Quebec_Ouest_WWTP_2021-02-07_pstGrit_1,ModelEau_lab,na,2021-02-10,na,mixed,wqTSS,229.99999999999687,mg/L,single,2,na,YES,YES,YES,YES,YES,YES,YES,na
Quebec_Ouest_WWTP_2021-02-07_pstGrit_1_ModelEau_lab_wqTSS_2021-02-10_3,MaryamTohidi,Quebec_Ouest_WWTP_2021-02-07_pstGrit_1,ModelEau_lab,na,2021-02-10,na,mixed,wqTSS,219.99999999997576,mg/L,single,3,na,YES,YES,YES,YES,YES,YES,YES,na
Quebec_Ouest_WWTP_2021-02-07_pstGrit_1_ModelEau_lab_wqTSS_2021-02-10_4,MaryamTohidi,Quebec_Ouest_WWTP_2021-02-07_pstGrit_1,ModelEau_lab,na,2021-02-10,na,mixed,wqTSS,400.00000000000034,mg/L,single,4,na,YES,YES,YES,YES,YES,YES,YES,na
Quebec_Est_WWTP_2021-02-07_pstGrit_1_ModelEau_lab_wqTS_2021-02-10_3,MaryamTohidi,Quebec_Est_WWTP_2021-02-07_pstGrit_1,ModelEau_lab,na,2021-02-10,na,mixed,wqTS,488.2352941176412,mg/L,single,3,na,YES,YES,YES,YES,YES,YES,YES,na
Quebec_Est_WWTP_2021-02-07_pstGrit_1_ModelEau_lab_wqTS_2021-02-10_4,MaryamTohidi,Quebec_Est_WWTP_2021-02-07_pstGrit_1,ModelEau_lab,na,2021-02-10,na,mixed,wqTS,524.0000000000044,mg/L,single,4,na,YES,YES,YES,YES,YES,YES,YES,na
Quebec_Ouest_WWTP_2021-02-07_pstGrit_1_ModelEau_lab_wqTS_2021-02-10_1,MaryamTohidi,Quebec_Ouest_WWTP_2021-02-07_pstGrit_1,ModelEau_lab,na,2021-02-10,na,mixed,wqTS,704.0000000000113,mg/L,single,1,na,YES,YES,YES,YES,YES,YES,YES,na
Quebec_Ouest_WWTP_2021-02-07_pstGrit_1_ModelEau_lab_wqTS_2021-02-10_2,MaryamTohidi,Quebec_Ouest_WWTP_2021-02-07_pstGrit_1,ModelEau_lab,na,2021-02-10,na,mixed,wqTS,698.0000000000075,mg/L,single,2,na,YES,YES,YES,YES,YES,YES,YES,na
Quebec_Ouest_WWTP_2021-02-07_pstGrit_1_ModelEau_lab_wqTS_2021-02-10_3,MaryamTohidi,Quebec_Ouest_WWTP_2021-02-07_pstGrit_1,ModelEau_lab,na,2021-02-10,na,mixed,wqTS,337.99999999999386,mg/L,single,3,na,YES,YES,YES,YES,YES,YES,YES,na
Quebec_Ouest_WWTP_2021-02-07_pstGrit_1_ModelEau_lab_wqTS_2021-02-10_4,MaryamTohidi,Quebec_Ouest_WWTP_2021-02-07_pstGrit_1,ModelEau_lab,na,2021-02-10,na,mixed,wqTS,372.0000000000034,mg/L,single,4,na,YES,YES,YES,YES,YES,YES,YES,na
Quebec_Est_WWTP_2021-02-08_pstGrit_1_ModelEau_lab_wqNH4N_2021-02-10_1,MaryamTohidi,Quebec_Est_WWTP_2021-02-08_pstGrit_1,ModelEau_lab,na,2021-02-10,na,liquid,wqNH4N,19.2,mg/L,single,1,na,YES,YES,YES,YES,YES,YES,YES,na
Quebec_Est_WWTP_2021-02-08_pstGrit_1_ModelEau_lab_wqNH4N_2021-02-10_2,MaryamTohidi,Quebec_Est_WWTP_2021-02-08_pstGrit_1,ModelEau_lab,na,2021-02-10,na,liquid,wqNH4N,19.0,mg/L,single,2,na,YES,YES,YES,YES,YES,YES,YES,na
Quebec_Ouest_WWTP_2021-02-08_pstGrit_1_ModelEau_lab_wqNH4N_2021-02-10_1,MaryamTohidi,Quebec_Ouest_WWTP_2021-02-08_pstGrit_1,ModelEau_lab,na,2021-02-10,na,liquid,wqNH4N,18.2,mg/L,single,1,na,YES,YES,YES,YES,YES,YES,YES,na
Quebec_Ouest_WWTP_2021-02-08_pstGrit_1_ModelEau_lab_wqNH4N_2021-02-10_2,MaryamTohidi,Quebec_Ouest_WWTP_2021-02-08_pstGrit_1,ModelEau_lab,na,2021-02-10,na,liquid,wqNH4N,18.1,mg/L,single,2,na,YES,YES,YES,YES,YES,YES,YES,na
Quebec_Est_WWTP_2021-02-08_pstGrit_1_ModelEau_lab_wqPh_2021-02-10_1,MaryamTohidi,Quebec_Est_WWTP_2021-02-08_pstGrit_1,ModelEau_lab,na,2021-02-10,na,mixed,wqPh,7.8,ph,single,1,na,YES,YES,YES,YES,YES,YES,YES,na
Quebec_Ouest_WWTP_2021-02-08_pstGrit_1_ModelEau_lab_wqPh_2021-02-10_1,MaryamTohidi,Quebec_Ouest_WWTP_2021-02-08_pstGrit_1,ModelEau_lab,na,2021-02-10,na,mixed,wqPh,7.5,ph,single,1,na,YES,YES,YES,YES,YES,YES,YES,na
Quebec_Est_WWTP_2021-02-08_pstGrit_1_ModelEau_lab_wqCond_2021-02-10_1,MaryamTohidi,Quebec_Est_WWTP_2021-02-08_pstGrit_1,ModelEau_lab,na,2021-02-10,na,mixed,wqCond,1173.0,uS/cm,single,1,na,YES,YES,YES,YES,YES,YES,YES,na
Quebec_Ouest_WWTP_2021-02-08_pstGrit_1_ModelEau_lab_wqCond_2021-02-10_1,MaryamTohidi,Quebec_Ouest_WWTP_2021-02-08_pstGrit_1,ModelEau_lab,na,2021-02-10,na,mixed,wqCond,871.0,uS/cm,single,1,na,YES,YES,YES,YES,YES,YES,YES,na
Quebec_Est_WWTP_2021-02-08_pstGrit_1_ModelEau_lab_wqTSS_2021-02-10_1,MaryamTohidi,Quebec_Est_WWTP_2021-02-08_pstGrit_1,ModelEau_lab,na,2021-02-10,na,mixed,wqTSS,239.99999999997357,mg/L,single,1,na,YES,YES,YES,YES,YES,YES,YES,na
Quebec_Est_WWTP_2021-02-08_pstGrit_1_ModelEau_lab_wqTSS_2021-02-10_2,MaryamTohidi,Quebec_Est_WWTP_2021-02-08_pstGrit_1,ModelEau_lab,na,2021-02-10,na,mixed,wqTSS,240.00000000001796,mg/L,single,2,na,YES,YES,YES,YES,YES,YES,YES,na
Quebec_Ouest_WWTP_2021-02-08_pstGrit_1_ModelEau_lab_wqTSS_2021-02-10_1,MaryamTohidi,Quebec_Ouest_WWTP_2021-02-08_pstGrit_1,ModelEau_lab,na,2021-02-10,na,mixed,wqTSS,299.99999999998914,mg/L,single,1,na,YES,YES,YES,YES,YES,YES,YES,na
Quebec_Ouest_WWTP_2021-02-08_pstGrit_1_ModelEau_lab_wqTSS_2021-02-10_2,MaryamTohidi,Quebec_Ouest_WWTP_2021-02-08_pstGrit_1,ModelEau_lab,na,2021-02-10,na,mixed,wqTSS,320.00000000000915,mg/L,single,2,na,YES,YES,YES,YES,YES,YES,YES,na
Quebec_Ouest_WWTP_2021-02-08_pstGrit_1_ModelEau_lab_wqTSS_2021-02-10_3,MaryamTohidi,Quebec_Ouest_WWTP_2021-02-08_pstGrit_1,ModelEau_lab,na,2021-02-10,na,mixed,wqTSS,299.999999999967,mg/L,single,3,na,YES,YES,YES,YES,YES,YES,YES,na
Quebec_Ouest_WWTP_2021-02-08_pstGrit_1_ModelEau_lab_wqTSS_2021-02-10_4,MaryamTohidi,Quebec_Ouest_WWTP_2021-02-08_pstGrit_1,ModelEau_lab,na,2021-02-10,na,mixed,wqTSS,219.99999999997576,mg/L,single,4,na,YES,YES,YES,YES,YES,YES,YES,na
Quebec_Ouest_WWTP_2021-02-08_pstGrit_1_ModelEau_lab_wqTSS_2021-02-10_5,MaryamTohidi,Quebec_Ouest_WWTP_2021-02-08_pstGrit_1,ModelEau_lab,na,2021-02-10,na,mixed,wqTSS,59.99999999999339,mg/L,single,5,na,YES,YES,YES,YES,YES,YES,YES,na
Quebec_Ouest_WWTP_2021-02-08_pstGrit_1_ModelEau_lab_wqTSS_2021-02-10_6,MaryamTohidi,Quebec_Ouest_WWTP_2021-02-08_pstGrit_1,ModelEau_lab,na,2021-02-10,na,mixed,wqTSS,177.7777777777829,mg/L,single,6,na,YES,YES,YES,YES,YES,YES,YES,na
Quebec_Est_WWTP_2021-02-08_pstGrit_1_ModelEau_lab_wqTSS_2021-02-10_3,MaryamTohidi,Quebec_Est_WWTP_2021-02-08_pstGrit_1,ModelEau_lab,na,2021-02-10,na,mixed,wqTSS,269.99999999999244,mg/L,single,3,na,YES,YES,YES,YES,YES,YES,YES,na
Quebec_Est_WWTP_2021-02-08_pstGrit_1_ModelEau_lab_wqTSS_2021-02-10_4,MaryamTohidi,Quebec_Est_WWTP_2021-02-08_pstGrit_1,ModelEau_lab,na,2021-02-10,na,mixed,wqTSS,279.99999999999136,mg/L,single,4,na,YES,YES,YES,YES,YES,YES,YES,na
Quebec_Est_WWTP_2021-02-08_pstGrit_1_ModelEau_lab_wqTS_2021-02-10_1,MaryamTohidi,Quebec_Est_WWTP_2021-02-08_pstGrit_1,ModelEau_lab,na,2021-02-10,na,mixed,wqTS,906.0000000000023,mg/L,single,1,na,YES,YES,YES,YES,YES,YES,YES,na
Quebec_Est_WWTP_2021-02-08_pstGrit_1_ModelEau_lab_wqTS_2021-02-10_2,MaryamTohidi,Quebec_Est_WWTP_2021-02-08_pstGrit_1,ModelEau_lab,na,2021-02-10,na,mixed,wqTS,906.0000000000023,mg/L,single,2,na,YES,YES,YES,YES,YES,YES,YES,na
Quebec_Est_WWTP_2021-02-08_pstGrit_1_ModelEau_lab_wqTS_2021-02-10_3,MaryamTohidi,Quebec_Est_WWTP_2021-02-08_pstGrit_1,ModelEau_lab,na,2021-02-10,na,mixed,wqTS,457.9999999999984,mg/L,single,3,na,YES,YES,YES,YES,YES,YES,YES,na
Quebec_Est_WWTP_2021-02-08_pstGrit_1_ModelEau_lab_wqTS_2021-02-10_4,MaryamTohidi,Quebec_Est_WWTP_2021-02-08_pstGrit_1,ModelEau_lab,na,2021-02-10,na,mixed,wqTS,451.9999999999946,mg/L,single,4,na,YES,YES,YES,YES,YES,YES,YES,na
Quebec_Ouest_WWTP_2021-02-08_pstGrit_1_ModelEau_lab_wqTS_2021-02-10_1,MaryamTohidi,Quebec_Ouest_WWTP_2021-02-08_pstGrit_1,ModelEau_lab,na,2021-02-10,na,mixed,wqTS,681.9999999999915,mg/L,single,1,na,YES,YES,YES,YES,YES,YES,YES,na
Quebec_Ouest_WWTP_2021-02-08_pstGrit_1_ModelEau_lab_wqTS_2021-02-10_2,MaryamTohidi,Quebec_Ouest_WWTP_2021-02-08_pstGrit_1,ModelEau_lab,na,2021-02-10,na,mixed,wqTS,683.9999999999868,mg/L,single,2,na,YES,YES,YES,YES,YES,YES,YES,na
Quebec_Ouest_WWTP_2021-02-08_pstGrit_1_ModelEau_lab_wqTS_2021-02-10_3,MaryamTohidi,Quebec_Ouest_WWTP_2021-02-08_pstGrit_1,ModelEau_lab,na,2021-02-10,na,mixed,wqTS,418.0000000000028,mg/L,single,3,na,YES,YES,YES,YES,YES,YES,YES,na
Quebec_Ouest_WWTP_2021-02-08_pstGrit_1_ModelEau_lab_wqTS_2021-02-10_4,MaryamTohidi,Quebec_Ouest_WWTP_2021-02-08_pstGrit_1,ModelEau_lab,na,2021-02-10,na,mixed,wqTS,388.4615384615384,mg/L,single,4,na,YES,YES,YES,YES,YES,YES,YES,na
Quebec_Est_WWTP_2021-02-09_pstGrit_1_ModelEau_lab_wqTSS_2021-02-12_1,MaryamTohidi,Quebec_Est_WWTP_2021-02-09_pstGrit_1,ModelEau_lab,na,2021-02-12,na,mixed,wqTSS,279.99999999999136,mg/L,single,1,na,YES,YES,YES,YES,YES,YES,YES,na
Quebec_Est_WWTP_2021-02-09_pstGrit_1_ModelEau_lab_wqTSS_2021-02-12_2,MaryamTohidi,Quebec_Est_WWTP_2021-02-09_pstGrit_1,ModelEau_lab,na,2021-02-12,na,mixed,wqTSS,209.99999999999906,mg/L,single,2,na,YES,YES,YES,YES,YES,YES,YES,na
Quebec_Est_WWTP_2021-02-09_pstGrit_1_ModelEau_lab_wqTS_2021-02-12_1,MaryamTohidi,Quebec_Est_WWTP_2021-02-09_pstGrit_1,ModelEau_lab,na,2021-02-12,na,mixed,wqTS,812.0000000000082,mg/L,single,1,na,YES,YES,YES,YES,YES,YES,YES,na
Quebec_Est_WWTP_2021-02-09_pstGrit_1_ModelEau_lab_wqTS_2021-02-12_2,MaryamTohidi,Quebec_Est_WWTP_2021-02-09_pstGrit_1,ModelEau_lab,na,2021-02-12,na,mixed,wqTS,786.2745098039178,mg/L,single,2,na,YES,YES,YES,YES,YES,YES,YES,na
Quebec_Ouest_WWTP_2021-02-09_pstGrit_1_ModelEau_lab_wqTSS_2021-02-12_1,MaryamTohidi,Quebec_Ouest_WWTP_2021-02-09_pstGrit_1,ModelEau_lab,na,2021-02-12,na,mixed,wqTSS,269.99999999999244,mg/L,single,1,na,YES,YES,YES,YES,YES,YES,YES,na
Quebec_Ouest_WWTP_2021-02-09_pstGrit_1_ModelEau_lab_wqTSS_2021-02-12_2,MaryamTohidi,Quebec_Ouest_WWTP_2021-02-09_pstGrit_1,ModelEau_lab,na,2021-02-12,na,mixed,wqTSS,240.00000000001796,mg/L,single,2,na,YES,YES,YES,YES,YES,YES,YES,na
Quebec_Ouest_WWTP_2021-02-09_pstGrit_1_ModelEau_lab_wqTS_2021-02-12_1,MaryamTohidi,Quebec_Ouest_WWTP_2021-02-09_pstGrit_1,ModelEau_lab,na,2021-02-12,na,mixed,wqTS,655.9999999999987,mg/L,single,1,na,YES,YES,YES,YES,YES,YES,YES,na
Quebec_Ouest_WWTP_2021-02-09_pstGrit_1_ModelEau_lab_wqTS_2021-02-12_2,MaryamTohidi,Quebec_Ouest_WWTP_2021-02-09_pstGrit_1,ModelEau_lab,na,2021-02-12,na,mixed,wqTS,711.7647058823486,mg/L,single,2,na,YES,YES,YES,YES,YES,YES,YES,na
Quebec_Est_WWTP_2021-02-10_pstGrit_1_ModelEau_lab_wqTSS_2021-02-12_1,MaryamTohidi,Quebec_Est_WWTP_2021-02-10_pstGrit_1,ModelEau_lab,na,2021-02-12,na,mixed,wqTSS,290.00000000001245,mg/L,single,1,na,YES,YES,YES,YES,YES,YES,YES,na
Quebec_Est_WWTP_2021-02-10_pstGrit_1_ModelEau_lab_wqTSS_2021-02-12_2,MaryamTohidi,Quebec_Est_WWTP_2021-02-10_pstGrit_1,ModelEau_lab,na,2021-02-12,na,mixed,wqTSS,280.0000000000136,mg/L,single,2,na,YES,YES,YES,YES,YES,YES,YES,na
Quebec_Est_WWTP_2021-02-10_pstGrit_1_ModelEau_lab_wqTS_2021-02-12_1,MaryamTohidi,Quebec_Est_WWTP_2021-02-10_pstGrit_1,ModelEau_lab,na,2021-02-12,na,mixed,wqTS,700.0000000000028,mg/L,single,1,na,YES,YES,YES,YES,YES,YES,YES,na
Quebec_Est_WWTP_2021-02-10_pstGrit_1_ModelEau_lab_wqTS_2021-02-12_2,MaryamTohidi,Quebec_Est_WWTP_2021-02-10_pstGrit_1,ModelEau_lab,na,2021-02-12,na,mixed,wqTS,694.1176470588255,mg/L,single,2,na,YES,YES,YES,YES,YES,YES,YES,na
Quebec_Ouest_WWTP_2021-02-10_pstGrit_1_ModelEau_lab_wqTSS_2021-02-12_1,MaryamTohidi,Quebec_Ouest_WWTP_2021-02-10_pstGrit_1,ModelEau_lab,na,2021-02-12,na,mixed,wqTSS,240.00000000001796,mg/L,single,1,na,YES,YES,YES,YES,YES,YES,YES,na
Quebec_Ouest_WWTP_2021-02-10_pstGrit_1_ModelEau_lab_wqTSS_2021-02-12_2,MaryamTohidi,Quebec_Ouest_WWTP_2021-02-10_pstGrit_1,ModelEau_lab,na,2021-02-12,na,mixed,wqTSS,260.00000000001575,mg/L,single,2,na,YES,YES,YES,YES,YES,YES,YES,na
Quebec_Ouest_WWTP_2021-02-10_pstGrit_1_ModelEau_lab_wqTS_2021-02-12_1,MaryamTohidi,Quebec_Ouest_WWTP_2021-02-10_pstGrit_1,ModelEau_lab,na,2021-02-12,na,mixed,wqTS,662.7450980392036,mg/L,single,1,na,YES,YES,YES,YES,YES,YES,YES,na
Quebec_Ouest_WWTP_2021-02-10_pstGrit_1_ModelEau_lab_wqTS_2021-02-12_2,MaryamTohidi,Quebec_Ouest_WWTP_2021-02-10_pstGrit_1,ModelEau_lab,na,2021-02-12,na,mixed,wqTS,664.0000000000157,mg/L,single,2,na,YES,YES,YES,YES,YES,YES,YES,na
Quebec_Est_WWTP_2021-02-11_pstGrit_1_ModelEau_lab_wqNH4N_2021-02-15_1,MaryamTohidi,Quebec_Est_WWTP_2021-02-11_pstGrit_1,ModelEau_lab,na,2021-02-15,na,liquid,wqNH4N,21.4,mg/L,single,1,na,YES,YES,YES,YES,YES,YES,YES,na
Quebec_Est_WWTP_2021-02-11_pstGrit_1_ModelEau_lab_wqNH4N_2021-02-15_2,MaryamTohidi,Quebec_Est_WWTP_2021-02-11_pstGrit_1,ModelEau_lab,na,2021-02-15,na,liquid,wqNH4N,21.6,mg/L,single,2,na,YES,YES,YES,YES,YES,YES,YES,na
Quebec_Ouest_WWTP_2021-02-11_pstGrit_1_ModelEau_lab_wqNH4N_2021-02-15_1,MaryamTohidi,Quebec_Ouest_WWTP_2021-02-11_pstGrit_1,ModelEau_lab,na,2021-02-15,na,liquid,wqNH4N,19.2,mg/L,single,1,na,YES,YES,YES,YES,YES,YES,YES,na
Quebec_Ouest_WWTP_2021-02-11_pstGrit_1_ModelEau_lab_wqNH4N_2021-02-15_2,MaryamTohidi,Quebec_Ouest_WWTP_2021-02-11_pstGrit_1,ModelEau_lab,na,2021-02-15,na,liquid,wqNH4N,18.6,mg/L,single,2,na,YES,YES,YES,YES,YES,YES,YES,na
Quebec_Est_WWTP_2021-02-11_pstGrit_1_ModelEau_lab_wqPh_2021-02-15_1,MaryamTohidi,Quebec_Est_WWTP_2021-02-11_pstGrit_1,ModelEau_lab,na,2021-02-15,na,mixed,wqPh,7.4,ph,single,1,na,YES,YES,YES,YES,YES,YES,YES,na
Quebec_Ouest_WWTP_2021-02-11_pstGrit_1_ModelEau_lab_wqPh_2021-02-15_1,MaryamTohidi,Quebec_Ouest_WWTP_2021-02-11_pstGrit_1,ModelEau_lab,na,2021-02-15,na,mixed,wqPh,7.4,ph,single,1,na,YES,YES,YES,YES,YES,YES,YES,na
Quebec_Est_WWTP_2021-02-11_pstGrit_1_ModelEau_lab_wqCond_2021-02-15_1,MaryamTohidi,Quebec_Est_WWTP_2021-02-11_pstGrit_1,ModelEau_lab,na,2021-02-15,na,mixed,wqCond,853.0,uS/cm,single,1,na,YES,YES,YES,YES,YES,YES,YES,na
Quebec_Ouest_WWTP_2021-02-11_pstGrit_1_ModelEau_lab_wqCond_2021-02-15_1,MaryamTohidi,Quebec_Ouest_WWTP_2021-02-11_pstGrit_1,ModelEau_lab,na,2021-02-15,na,mixed,wqCond,738.0,uS/cm,single,1,na,YES,YES,YES,YES,YES,YES,YES,na
Quebec_Ouest_WWTP_2021-02-11_pstGrit_1_ModelEau_lab_wqTSS_2021-02-15_1,MaryamTohidi,Quebec_Ouest_WWTP_2021-02-11_pstGrit_1,ModelEau_lab,na,2021-02-15,na,mixed,wqTSS,300.00000000001137,mg/L,single,1,na,YES,YES,YES,YES,YES,YES,YES,na
Quebec_Ouest_WWTP_2021-02-11_pstGrit_1_ModelEau_lab_wqTSS_2021-02-15_2,MaryamTohidi,Quebec_Ouest_WWTP_2021-02-11_pstGrit_1,ModelEau_lab,na,2021-02-15,na,mixed,wqTSS,259.99999999997135,mg/L,single,2,na,YES,YES,YES,YES,YES,YES,YES,na
Quebec_Est_WWTP_2021-02-11_pstGrit_1_ModelEau_lab_wqTSS_2021-02-15_1,MaryamTohidi,Quebec_Est_WWTP_2021-02-11_pstGrit_1,ModelEau_lab,na,2021-02-15,na,mixed,wqTSS,320.00000000000915,mg/L,single,1,na,YES,YES,YES,YES,YES,YES,YES,na
Quebec_Est_WWTP_2021-02-11_pstGrit_1_ModelEau_lab_wqTSS_2021-02-15_2,MaryamTohidi,Quebec_Est_WWTP_2021-02-11_pstGrit_1,ModelEau_lab,na,2021-02-15,na,mixed,wqTSS,319.99999999996476,mg/L,single,2,na,YES,YES,YES,YES,YES,YES,YES,na
Quebec_Est_WWTP_2021-02-11_pstGrit_1_ModelEau_lab_wqTS_2021-02-15_1,MaryamTohidi,Quebec_Est_WWTP_2021-02-11_pstGrit_1,ModelEau_lab,na,2021-02-15,na,mixed,wqTS,774.000000000008,mg/L,single,1,na,YES,YES,YES,YES,YES,YES,YES,na
Quebec_Est_WWTP_2021-02-11_pstGrit_1_ModelEau_lab_wqTS_2021-02-15_2,MaryamTohidi,Quebec_Est_WWTP_2021-02-11_pstGrit_1,ModelEau_lab,na,2021-02-15,na,mixed,wqTS,755.1020408163249,mg/L,single,2,na,YES,YES,YES,YES,YES,YES,YES,na
Quebec_Ouest_WWTP_2021-02-11_pstGrit_1_ModelEau_lab_wqTS_2021-02-15_1,MaryamTohidi,Quebec_Ouest_WWTP_2021-02-11_pstGrit_1,ModelEau_lab,na,2021-02-15,na,mixed,wqTS,618.7500000000013,mg/L,single,1,na,YES,YES,YES,YES,YES,YES,YES,na
Quebec_Ouest_WWTP_2021-02-11_pstGrit_1_ModelEau_lab_wqTS_2021-02-15_2,MaryamTohidi,Quebec_Ouest_WWTP_2021-02-11_pstGrit_1,ModelEau_lab,na,2021-02-15,na,mixed,wqTS,622.2222222222326,mg/L,single,2,na,YES,YES,YES,YES,YES,YES,YES,na
Quebec_Est_WWTP_2021-02-12_pstGrit_1_ModelEau_lab_wqNH4N_2021-02-15_1,MaryamTohidi,Quebec_Est_WWTP_2021-02-12_pstGrit_1,ModelEau_lab,na,2021-02-15,na,liquid,wqNH4N,21.3,mg/L,single,1,na,YES,YES,YES,YES,YES,YES,YES,na
Quebec_Est_WWTP_2021-02-12_pstGrit_1_ModelEau_lab_wqNH4N_2021-02-15_2,MaryamTohidi,Quebec_Est_WWTP_2021-02-12_pstGrit_1,ModelEau_lab,na,2021-02-15,na,liquid,wqNH4N,20.9,mg/L,single,2,na,YES,YES,YES,YES,YES,YES,YES,na
Quebec_Ouest_WWTP_2021-02-12_pstGrit_1_ModelEau_lab_wqNH4N_2021-02-15_1,MaryamTohidi,Quebec_Ouest_WWTP_2021-02-12_pstGrit_1,ModelEau_lab,na,2021-02-15,na,liquid,wqNH4N,18.6,mg/L,single,1,na,YES,YES,YES,YES,YES,YES,YES,na
Quebec_Ouest_WWTP_2021-02-12_pstGrit_1_ModelEau_lab_wqNH4N_2021-02-15_2,MaryamTohidi,Quebec_Ouest_WWTP_2021-02-12_pstGrit_1,ModelEau_lab,na,2021-02-15,na,liquid,wqNH4N,18.5,mg/L,single,2,na,YES,YES,YES,YES,YES,YES,YES,na
Quebec_Est_WWTP_2021-02-12_pstGrit_1_ModelEau_lab_wqPh_2021-02-15_1,MaryamTohidi,Quebec_Est_WWTP_2021-02-12_pstGrit_1,ModelEau_lab,na,2021-02-15,na,mixed,wqPh,7.4,ph,single,1,na,YES,YES,YES,YES,YES,YES,YES,na
Quebec_Ouest_WWTP_2021-02-12_pstGrit_1_ModelEau_lab_wqPh_2021-02-15_1,MaryamTohidi,Quebec_Ouest_WWTP_2021-02-12_pstGrit_1,ModelEau_lab,na,2021-02-15,na,mixed,wqPh,7.4,ph,single,1,na,YES,YES,YES,YES,YES,YES,YES,na
Quebec_Est_WWTP_2021-02-12_pstGrit_1_ModelEau_lab_wqCond_2021-02-15_1,MaryamTohidi,Quebec_Est_WWTP_2021-02-12_pstGrit_1,ModelEau_lab,na,2021-02-15,na,mixed,wqCond,825.0,uS/cm,single,1,na,YES,YES,YES,YES,YES,YES,YES,na
Quebec_Ouest_WWTP_2021-02-12_pstGrit_1_ModelEau_lab_wqCond_2021-02-15_1,MaryamTohidi,Quebec_Ouest_WWTP_2021-02-12_pstGrit_1,ModelEau_lab,na,2021-02-15,na,mixed,wqCond,701.0,uS/cm,single,1,na,YES,YES,YES,YES,YES,YES,YES,na
Quebec_Ouest_WWTP_2021-02-12_pstGrit_1_ModelEau_lab_wqTSS_2021-02-15_1,MaryamTohidi,Quebec_Ouest_WWTP_2021-02-12_pstGrit_1,ModelEau_lab,na,2021-02-15,na,mixed,wqTSS,280.0000000000136,mg/L,single,1,na,YES,YES,YES,YES,YES,YES,YES,na
Quebec_Ouest_WWTP_2021-02-12_pstGrit_1_ModelEau_lab_wqTSS_2021-02-15_2,MaryamTohidi,Quebec_Ouest_WWTP_2021-02-12_pstGrit_1,ModelEau_lab,na,2021-02-15,na,mixed,wqTSS,320.00000000000915,mg/L,single,2,na,YES,YES,YES,YES,YES,YES,YES,na
Quebec_Est_WWTP_2021-02-12_pstGrit_1_ModelEau_lab_wqTSS_2021-02-15_1,MaryamTohidi,Quebec_Est_WWTP_2021-02-12_pstGrit_1,ModelEau_lab,na,2021-02-15,na,mixed,wqTSS,260.00000000001575,mg/L,single,1,na,YES,YES,YES,YES,YES,YES,YES,na
Quebec_Est_WWTP_2021-02-12_pstGrit_1_ModelEau_lab_wqTSS_2021-02-15_2,MaryamTohidi,Quebec_Est_WWTP_2021-02-12_pstGrit_1,ModelEau_lab,na,2021-02-15,na,mixed,wqTSS,320.00000000000915,mg/L,single,2,na,YES,YES,YES,YES,YES,YES,YES,na
Quebec_Est_WWTP_2021-02-12_pstGrit_1_ModelEau_lab_wqTS_2021-02-15_1,MaryamTohidi,Quebec_Est_WWTP_2021-02-12_pstGrit_1,ModelEau_lab,na,2021-02-15,na,mixed,wqTS,760.0000000000051,mg/L,single,1,na,YES,YES,YES,YES,YES,YES,YES,na
Quebec_Est_WWTP_2021-02-12_pstGrit_1_ModelEau_lab_wqTS_2021-02-15_2,MaryamTohidi,Quebec_Est_WWTP_2021-02-12_pstGrit_1,ModelEau_lab,na,2021-02-15,na,mixed,wqTS,725.58139534884,mg/L,single,2,na,YES,YES,YES,YES,YES,YES,YES,na
Quebec_Ouest_WWTP_2021-02-12_pstGrit_1_ModelEau_lab_wqTS_2021-02-15_1,MaryamTohidi,Quebec_Ouest_WWTP_2021-02-12_pstGrit_1,ModelEau_lab,na,2021-02-15,na,mixed,wqTS,652.3809523809545,mg/L,single,1,na,YES,YES,YES,YES,YES,YES,YES,na
Quebec_Ouest_WWTP_2021-02-12_pstGrit_1_ModelEau_lab_wqTS_2021-02-15_2,MaryamTohidi,Quebec_Ouest_WWTP_2021-02-12_pstGrit_1,ModelEau_lab,na,2021-02-15,na,mixed,wqTS,638.2978723404308,mg/L,single,2,na,YES,YES,YES,YES,YES,YES,YES,na
Quebec_Est_WWTP_2021-02-13_pstGrit_1_ModelEau_lab_wqNH4N_2021-02-15_1,MaryamTohidi,Quebec_Est_WWTP_2021-02-13_pstGrit_1,ModelEau_lab,na,2021-02-15,na,liquid,wqNH4N,20.8,mg/L,single,1,na,YES,YES,YES,YES,YES,YES,YES,na
Quebec_Est_WWTP_2021-02-13_pstGrit_1_ModelEau_lab_wqNH4N_2021-02-15_2,MaryamTohidi,Quebec_Est_WWTP_2021-02-13_pstGrit_1,ModelEau_lab,na,2021-02-15,na,liquid,wqNH4N,21.0,mg/L,single,2,na,YES,YES,YES,YES,YES,YES,YES,na
Quebec_Ouest_WWTP_2021-02-13_pstGrit_1_ModelEau_lab_wqNH4N_2021-02-15_1,MaryamTohidi,Quebec_Ouest_WWTP_2021-02-13_pstGrit_1,ModelEau_lab,na,2021-02-15,na,liquid,wqNH4N,18.8,mg/L,single,1,na,YES,YES,YES,YES,YES,YES,YES,na
Quebec_Est_WWTP_2021-02-13_pstGrit_1_ModelEau_lab_wqPh_2021-02-15_1,MaryamTohidi,Quebec_Est_WWTP_2021-02-13_pstGrit_1,ModelEau_lab,na,2021-02-15,na,mixed,wqPh,7.4,ph,single,1,na,YES,YES,YES,YES,YES,YES,YES,na
Quebec_Ouest_WWTP_2021-02-13_pstGrit_1_ModelEau_lab_wqPh_2021-02-15_1,MaryamTohidi,Quebec_Ouest_WWTP_2021-02-13_pstGrit_1,ModelEau_lab,na,2021-02-15,na,mixed,wqPh,7.5,ph,single,1,na,YES,YES,YES,YES,YES,YES,YES,na
Quebec_Est_WWTP_2021-02-13_pstGrit_1_ModelEau_lab_wqCond_2021-02-15_1,MaryamTohidi,Quebec_Est_WWTP_2021-02-13_pstGrit_1,ModelEau_lab,na,2021-02-15,na,mixed,wqCond,1263.0,uS/cm,single,1,na,YES,YES,YES,YES,YES,YES,YES,na
Quebec_Ouest_WWTP_2021-02-13_pstGrit_1_ModelEau_lab_wqCond_2021-02-15_1,MaryamTohidi,Quebec_Ouest_WWTP_2021-02-13_pstGrit_1,ModelEau_lab,na,2021-02-15,na,mixed,wqCond,751.0,uS/cm,single,1,na,YES,YES,YES,YES,YES,YES,YES,na
Quebec_Ouest_WWTP_2021-02-13_pstGrit_1_ModelEau_lab_wqTSS_2021-02-15_1,MaryamTohidi,Quebec_Ouest_WWTP_2021-02-13_pstGrit_1,ModelEau_lab,na,2021-02-15,na,mixed,wqTSS,200.00000000002237,mg/L,single,1,na,YES,YES,YES,YES,YES,YES,YES,na
Quebec_Ouest_WWTP_2021-02-13_pstGrit_1_ModelEau_lab_wqTSS_2021-02-15_2,MaryamTohidi,Quebec_Ouest_WWTP_2021-02-13_pstGrit_1,ModelEau_lab,na,2021-02-15,na,mixed,wqTSS,499.9999999999893,mg/L,single,2,na,YES,YES,YES,YES,YES,YES,YES,na
Quebec_Est_WWTP_2021-02-13_pstGrit_1_ModelEau_lab_wqTSS_2021-02-15_1,MaryamTohidi,Quebec_Est_WWTP_2021-02-13_pstGrit_1,ModelEau_lab,na,2021-02-15,na,mixed,wqTSS,439.99999999999596,mg/L,single,1,na,YES,YES,YES,YES,YES,YES,YES,na
Quebec_Est_WWTP_2021-02-13_pstGrit_1_ModelEau_lab_wqTSS_2021-02-15_2,MaryamTohidi,Quebec_Est_WWTP_2021-02-13_pstGrit_1,ModelEau_lab,na,2021-02-15,na,mixed,wqTSS,360.0000000000048,mg/L,single,2,na,YES,YES,YES,YES,YES,YES,YES,na
Quebec_Est_WWTP_2021-02-13_pstGrit_1_ModelEau_lab_wqTS_2021-02-15_1,MaryamTohidi,Quebec_Est_WWTP_2021-02-13_pstGrit_1,ModelEau_lab,na,2021-02-15,na,mixed,wqTS,1048.8888888888919,mg/L,single,1,na,YES,YES,YES,YES,YES,YES,YES,na
Quebec_Est_WWTP_2021-02-13_pstGrit_1_ModelEau_lab_wqTS_2021-02-15_2,MaryamTohidi,Quebec_Est_WWTP_2021-02-13_pstGrit_1,ModelEau_lab,na,2021-02-15,na,mixed,wqTS,933.3333333333416,mg/L,single,2,na,YES,YES,YES,YES,YES,YES,YES,na
Quebec_Ouest_WWTP_2021-02-13_pstGrit_1_ModelEau_lab_wqTS_2021-02-15_1,MaryamTohidi,Quebec_Ouest_WWTP_2021-02-13_pstGrit_1,ModelEau_lab,na,2021-02-15,na,mixed,wqTS,553.9999999999878,mg/L,single,1,na,YES,YES,YES,YES,YES,YES,YES,na
Quebec_Ouest_WWTP_2021-02-13_pstGrit_1_ModelEau_lab_wqTS_2021-02-15_2,MaryamTohidi,Quebec_Ouest_WWTP_2021-02-13_pstGrit_1,ModelEau_lab,na,2021-02-15,na,mixed,wqTS,728.0000000000086,mg/L,single,2,na,YES,YES,YES,YES,YES,YES,YES,na
Quebec_Est_WWTP_2021-02-14_pstGrit_1_ModelEau_lab_wqNH4N_2021-02-17_1,MaryamTohidi,Quebec_Est_WWTP_2021-02-14_pstGrit_1,ModelEau_lab,na,2021-02-17,na,liquid,wqNH4N,20.2,mg/L,single,1,na,YES,YES,YES,YES,YES,YES,YES,na
Quebec_Est_WWTP_2021-02-14_pstGrit_1_ModelEau_lab_wqNH4N_2021-02-17_2,MaryamTohidi,Quebec_Est_WWTP_2021-02-14_pstGrit_1,ModelEau_lab,na,2021-02-17,na,liquid,wqNH4N,20.4,mg/L,single,2,na,YES,YES,YES,YES,YES,YES,YES,na
Quebec_Ouest_WWTP_2021-02-14_pstGrit_1_ModelEau_lab_wqNH4N_2021-02-17_1,MaryamTohidi,Quebec_Ouest_WWTP_2021-02-14_pstGrit_1,ModelEau_lab,na,2021-02-17,na,liquid,wqNH4N,17.1,mg/L,single,1,na,YES,YES,YES,YES,YES,YES,YES,na
Quebec_Est_WWTP_2021-02-14_pstGrit_1_ModelEau_lab_wqPh_2021-02-17_1,MaryamTohidi,Quebec_Est_WWTP_2021-02-14_pstGrit_1,ModelEau_lab,na,2021-02-17,na,mixed,wqPh,7.5,ph,single,1,na,YES,YES,YES,YES,YES,YES,YES,na
Quebec_Ouest_WWTP_2021-02-14_pstGrit_1_ModelEau_lab_wqPh_2021-02-17_1,MaryamTohidi,Quebec_Ouest_WWTP_2021-02-14_pstGrit_1,ModelEau_lab,na,2021-02-17,na,mixed,wqPh,7.4,ph,single,1,na,YES,YES,YES,YES,YES,YES,YES,na
Quebec_Est_WWTP_2021-02-14_pstGrit_1_ModelEau_lab_wqCond_2021-02-17_1,MaryamTohidi,Quebec_Est_WWTP_2021-02-14_pstGrit_1,ModelEau_lab,na,2021-02-17,na,mixed,wqCond,1120.0,uS/cm,single,1,na,YES,YES,YES,YES,YES,YES,YES,na
Quebec_Ouest_WWTP_2021-02-14_pstGrit_1_ModelEau_lab_wqCond_2021-02-17_1,MaryamTohidi,Quebec_Ouest_WWTP_2021-02-14_pstGrit_1,ModelEau_lab,na,2021-02-17,na,mixed,wqCond,830.0,uS/cm,single,1,na,YES,YES,YES,YES,YES,YES,YES,na
Quebec_Est_WWTP_2021-02-14_pstGrit_1_ModelEau_lab_wqTS_2021-02-17_1,MaryamTohidi,Quebec_Est_WWTP_2021-02-14_pstGrit_1,ModelEau_lab,na,2021-02-17,na,mixed,wqTS,0.0,mg/L,single,1,na,YES,YES,YES,YES,YES,YES,YES,na
Quebec_Est_WWTP_2021-02-14_pstGrit_1_ModelEau_lab_wqTS_2021-02-17_2,MaryamTohidi,Quebec_Est_WWTP_2021-02-14_pstGrit_1,ModelEau_lab,na,2021-02-17,na,mixed,wqTS,865.999999999989,mg/L,single,2,na,YES,YES,YES,YES,YES,YES,YES,na
Quebec_Ouest_WWTP_2021-02-14_pstGrit_1_ModelEau_lab_wqTS_2021-02-17_1,MaryamTohidi,Quebec_Ouest_WWTP_2021-02-14_pstGrit_1,ModelEau_lab,na,2021-02-17,na,mixed,wqTS,692.1568627451046,mg/L,single,1,na,YES,YES,YES,YES,YES,YES,YES,na
Quebec_Ouest_WWTP_2021-02-14_pstGrit_1_ModelEau_lab_wqTS_2021-02-17_2,MaryamTohidi,Quebec_Ouest_WWTP_2021-02-14_pstGrit_1,ModelEau_lab,na,2021-02-17,na,mixed,wqTS,671.999999999997,mg/L,single,2,na,YES,YES,YES,YES,YES,YES,YES,na
Quebec_Est_WWTP_2021-02-14_pstGrit_1_ModelEau_lab_wqTSS_2021-02-17_1,MaryamTohidi,Quebec_Est_WWTP_2021-02-14_pstGrit_1,ModelEau_lab,na,2021-02-17,na,mixed,wqTSS,219.99999999999798,mg/L,single,1,na,YES,YES,YES,YES,YES,YES,YES,na
Quebec_Est_WWTP_2021-02-14_pstGrit_1_ModelEau_lab_wqTSS_2021-02-17_2,MaryamTohidi,Quebec_Est_WWTP_2021-02-14_pstGrit_1,ModelEau_lab,na,2021-02-17,na,mixed,wqTSS,269.99999999999244,mg/L,single,2,na,YES,YES,YES,YES,YES,YES,YES,na
Quebec_Ouest_WWTP_2021-02-14_pstGrit_1_ModelEau_lab_wqTSS_2021-02-17_1,MaryamTohidi,Quebec_Ouest_WWTP_2021-02-14_pstGrit_1,ModelEau_lab,na,2021-02-17,na,mixed,wqTSS,269.99999999999244,mg/L,single,1,na,YES,YES,YES,YES,YES,YES,YES,na
Quebec_Ouest_WWTP_2021-02-14_pstGrit_1_ModelEau_lab_wqTSS_2021-02-17_2,MaryamTohidi,Quebec_Ouest_WWTP_2021-02-14_pstGrit_1,ModelEau_lab,na,2021-02-17,na,mixed,wqTSS,239.99999999999577,mg/L,single,2,na,YES,YES,YES,YES,YES,YES,YES,na
Quebec_Est_WWTP_2021-02-15_pstGrit_1_ModelEau_lab_wqNH4N_2021-02-17_1,MaryamTohidi,Quebec_Est_WWTP_2021-02-15_pstGrit_1,ModelEau_lab,na,2021-02-17,na,liquid,wqNH4N,18.6,mg/L,single,1,na,YES,YES,YES,YES,YES,YES,YES,na
Quebec_Est_WWTP_2021-02-15_pstGrit_1_ModelEau_lab_wqNH4N_2021-02-17_2,MaryamTohidi,Quebec_Est_WWTP_2021-02-15_pstGrit_1,ModelEau_lab,na,2021-02-17,na,liquid,wqNH4N,18.4,mg/L,single,2,na,YES,YES,YES,YES,YES,YES,YES,na
Quebec_Ouest_WWTP_2021-02-15_pstGrit_1_ModelEau_lab_wqNH4N_2021-02-17_1,MaryamTohidi,Quebec_Ouest_WWTP_2021-02-15_pstGrit_1,ModelEau_lab,na,2021-02-17,na,liquid,wqNH4N,16.3,mg/L,single,1,na,YES,YES,YES,YES,YES,YES,YES,na
Quebec_Ouest_WWTP_2021-02-15_pstGrit_1_ModelEau_lab_wqNH4N_2021-02-17_2,MaryamTohidi,Quebec_Ouest_WWTP_2021-02-15_pstGrit_1,ModelEau_lab,na,2021-02-17,na,liquid,wqNH4N,16.4,mg/L,single,2,na,YES,YES,YES,YES,YES,YES,YES,na
Quebec_Est_WWTP_2021-02-15_pstGrit_1_ModelEau_lab_wqPh_2021-02-17_1,MaryamTohidi,Quebec_Est_WWTP_2021-02-15_pstGrit_1,ModelEau_lab,na,2021-02-17,na,mixed,wqPh,7.4,ph,single,1,na,YES,YES,YES,YES,YES,YES,YES,na
Quebec_Ouest_WWTP_2021-02-15_pstGrit_1_ModelEau_lab_wqPh_2021-02-17_1,MaryamTohidi,Quebec_Ouest_WWTP_2021-02-15_pstGrit_1,ModelEau_lab,na,2021-02-17,na,mixed,wqPh,7.3,ph,single,1,na,YES,YES,YES,YES,YES,YES,YES,na
Quebec_Est_WWTP_2021-02-15_pstGrit_1_ModelEau_lab_wqCond_2021-02-17_1,MaryamTohidi,Quebec_Est_WWTP_2021-02-15_pstGrit_1,ModelEau_lab,na,2021-02-17,na,mixed,wqCond,1393.0,uS/cm,single,1,na,YES,YES,YES,YES,YES,YES,YES,na
Quebec_Ouest_WWTP_2021-02-15_pstGrit_1_ModelEau_lab_wqCond_2021-02-17_1,MaryamTohidi,Quebec_Ouest_WWTP_2021-02-15_pstGrit_1,ModelEau_lab,na,2021-02-17,na,mixed,wqCond,878.0,uS/cm,single,1,na,YES,YES,YES,YES,YES,YES,YES,na
Quebec_Est_WWTP_2021-02-15_pstGrit_1_ModelEau_lab_wqTS_2021-02-17_1,MaryamTohidi,Quebec_Est_WWTP_2021-02-15_pstGrit_1,ModelEau_lab,na,2021-02-17,na,mixed,wqTS,1085.9999999999914,mg/L,single,1,na,YES,YES,YES,YES,YES,YES,YES,na
Quebec_Est_WWTP_2021-02-15_pstGrit_1_ModelEau_lab_wqTS_2021-02-17_2,MaryamTohidi,Quebec_Est_WWTP_2021-02-15_pstGrit_1,ModelEau_lab,na,2021-02-17,na,mixed,wqTS,1032.0000000000107,mg/L,single,2,na,YES,YES,YES,YES,YES,YES,YES,na
Quebec_Ouest_WWTP_2021-02-15_pstGrit_1_ModelEau_lab_wqTS_2021-02-17_1,MaryamTohidi,Quebec_Ouest_WWTP_2021-02-15_pstGrit_1,ModelEau_lab,na,2021-02-17,na,mixed,wqTS,752.9411764705924,mg/L,single,1,na,YES,YES,YES,YES,YES,YES,YES,na
Quebec_Ouest_WWTP_2021-02-15_pstGrit_1_ModelEau_lab_wqTS_2021-02-17_2,MaryamTohidi,Quebec_Ouest_WWTP_2021-02-15_pstGrit_1,ModelEau_lab,na,2021-02-17,na,mixed,wqTS,735.99999999999,mg/L,single,2,na,YES,YES,YES,YES,YES,YES,YES,na
Quebec_Est_WWTP_2021-02-15_pstGrit_1_ModelEau_lab_wqTSS_2021-02-17_1,MaryamTohidi,Quebec_Est_WWTP_2021-02-15_pstGrit_1,ModelEau_lab,na,2021-02-17,na,mixed,wqTSS,249.99999999999466,mg/L,single,1,na,YES,YES,YES,YES,YES,YES,YES,na
Quebec_Est_WWTP_2021-02-15_pstGrit_1_ModelEau_lab_wqTSS_2021-02-17_2,MaryamTohidi,Quebec_Est_WWTP_2021-02-15_pstGrit_1,ModelEau_lab,na,2021-02-17,na,mixed,wqTSS,249.99999999999466,mg/L,single,2,na,YES,YES,YES,YES,YES,YES,YES,na
Quebec_Ouest_WWTP_2021-02-15_pstGrit_1_ModelEau_lab_wqTSS_2021-02-17_1,MaryamTohidi,Quebec_Ouest_WWTP_2021-02-15_pstGrit_1,ModelEau_lab,na,2021-02-17,na,mixed,wqTSS,320.00000000000915,mg/L,single,1,na,YES,YES,YES,YES,YES,YES,YES,na
Quebec_Ouest_WWTP_2021-02-15_pstGrit_1_ModelEau_lab_wqTSS_2021-02-17_2,MaryamTohidi,Quebec_Ouest_WWTP_2021-02-15_pstGrit_1,ModelEau_lab,na,2021-02-17,na,mixed,wqTSS,319.999999999987,mg/L,single,2,na,YES,YES,YES,YES,YES,YES,YES,na
Quebec_Est_WWTP_2021-02-16_pstGrit_1_ModelEau_lab_wqCond_2021-02-19_1,MaryamTohidi,Quebec_Est_WWTP_2021-02-16_pstGrit_1,ModelEau_lab,na,2021-02-19,na,mixed,wqCond,1410.0,uS/cm,single,1,na,YES,YES,YES,YES,YES,YES,YES,na
Quebec_Ouest_WWTP_2021-02-16_pstGrit_1_ModelEau_lab_wqCond_2021-02-19_1,MaryamTohidi,Quebec_Ouest_WWTP_2021-02-16_pstGrit_1,ModelEau_lab,na,2021-02-19,na,mixed,wqCond,968.0,uS/cm,single,1,na,YES,YES,YES,YES,YES,YES,YES,na
Quebec_Est_WWTP_2021-02-16_pstGrit_1_ModelEau_lab_wqPh_2021-02-19_1,MaryamTohidi,Quebec_Est_WWTP_2021-02-16_pstGrit_1,ModelEau_lab,na,2021-02-19,na,mixed,wqPh,7.6,ph,single,1,na,YES,YES,YES,YES,YES,YES,YES,na
Quebec_Ouest_WWTP_2021-02-16_pstGrit_1_ModelEau_lab_wqPh_2021-02-19_1,MaryamTohidi,Quebec_Ouest_WWTP_2021-02-16_pstGrit_1,ModelEau_lab,na,2021-02-19,na,mixed,wqPh,7.6,ph,single,1,na,YES,YES,YES,YES,YES,YES,YES,na
Quebec_Est_WWTP_2021-02-16_pstGrit_1_ModelEau_lab_wqNH4N_2021-02-19_1,MaryamTohidi,Quebec_Est_WWTP_2021-02-16_pstGrit_1,ModelEau_lab,na,2021-02-19,na,liquid,wqNH4N,19.5,mg/L,single,1,na,YES,YES,YES,YES,YES,YES,YES,na
Quebec_Est_WWTP_2021-02-16_pstGrit_1_ModelEau_lab_wqNH4N_2021-02-19_2,MaryamTohidi,Quebec_Est_WWTP_2021-02-16_pstGrit_1,ModelEau_lab,na,2021-02-19,na,liquid,wqNH4N,19.4,mg/L,single,2,na,YES,YES,YES,YES,YES,YES,YES,na
Quebec_Ouest_WWTP_2021-02-16_pstGrit_1_ModelEau_lab_wqNH4N_2021-02-19_1,MaryamTohidi,Quebec_Ouest_WWTP_2021-02-16_pstGrit_1,ModelEau_lab,na,2021-02-19,na,liquid,wqNH4N,16.7,mg/L,single,1,na,YES,YES,YES,YES,YES,YES,YES,na
Quebec_Ouest_WWTP_2021-02-16_pstGrit_1_ModelEau_lab_wqNH4N_2021-02-19_2,MaryamTohidi,Quebec_Ouest_WWTP_2021-02-16_pstGrit_1,ModelEau_lab,na,2021-02-19,na,liquid,wqNH4N,17.2,mg/L,single,2,na,YES,YES,YES,YES,YES,YES,YES,na
Quebec_Est_WWTP_2021-02-16_pstGrit_1_ModelEau_lab_wqTSS_2021-02-19_1,MaryamTohidi,Quebec_Est_WWTP_2021-02-16_pstGrit_1,ModelEau_lab,na,2021-02-19,na,mixed,wqTSS,319.999999999987,mg/L,single,1,na,YES,YES,YES,YES,YES,YES,YES,na
Quebec_Est_WWTP_2021-02-16_pstGrit_1_ModelEau_lab_wqTSS_2021-02-19_2,MaryamTohidi,Quebec_Est_WWTP_2021-02-16_pstGrit_1,ModelEau_lab,na,2021-02-19,na,mixed,wqTSS,249.99999999999466,mg/L,single,2,na,YES,YES,YES,YES,YES,YES,YES,na
Quebec_Est_WWTP_2021-02-16_pstGrit_1_ModelEau_lab_wqTS_2021-02-19_1,MaryamTohidi,Quebec_Est_WWTP_2021-02-16_pstGrit_1,ModelEau_lab,na,2021-02-19,na,mixed,wqTS,1063.9999999999893,mg/L,single,1,na,YES,YES,YES,YES,YES,YES,YES,na
Quebec_Est_WWTP_2021-02-16_pstGrit_1_ModelEau_lab_wqTS_2021-02-19_2,MaryamTohidi,Quebec_Est_WWTP_2021-02-16_pstGrit_1,ModelEau_lab,na,2021-02-19,na,mixed,wqTS,na,mg/L,single,2,Yes ,YES,YES,YES,YES,YES,YES,YES,na
Quebec_Ouest_WWTP_2021-02-16_pstGrit_1_ModelEau_lab_wqTSS_2021-02-19_1,MaryamTohidi,Quebec_Ouest_WWTP_2021-02-16_pstGrit_1,ModelEau_lab,na,2021-02-19,na,mixed,wqTSS,329.99999999998585,mg/L,single,1,na,YES,YES,YES,YES,YES,YES,YES,na
Quebec_Ouest_WWTP_2021-02-16_pstGrit_1_ModelEau_lab_wqTSS_2021-02-19_2,MaryamTohidi,Quebec_Ouest_WWTP_2021-02-16_pstGrit_1,ModelEau_lab,na,2021-02-19,na,mixed,wqTSS,249.99999999999466,mg/L,single,2,na,YES,YES,YES,YES,YES,YES,YES,na
Quebec_Ouest_WWTP_2021-02-16_pstGrit_1_ModelEau_lab_wqTS_2021-02-19_1,MaryamTohidi,Quebec_Ouest_WWTP_2021-02-16_pstGrit_1,ModelEau_lab,na,2021-02-19,na,mixed,wqTS,749.9999999999928,mg/L,single,1,na,YES,YES,YES,YES,YES,YES,YES,na
Quebec_Ouest_WWTP_2021-02-16_pstGrit_1_ModelEau_lab_wqTS_2021-02-19_2,MaryamTohidi,Quebec_Ouest_WWTP_2021-02-16_pstGrit_1,ModelEau_lab,na,2021-02-19,na,mixed,wqTS,769.9999999999995,mg/L,single,2,na,YES,YES,YES,YES,YES,YES,YES,na
Quebec_Est_WWTP_2021-02-17_pstGrit_1_ModelEau_lab_wqCond_2021-02-19_1,MaryamTohidi,Quebec_Est_WWTP_2021-02-17_pstGrit_1,ModelEau_lab,na,2021-02-19,na,mixed,wqCond,1408.0,uS/cm,single,1,na,YES,YES,YES,YES,YES,YES,YES,na
Quebec_Ouest_WWTP_2021-02-17_pstGrit_1_ModelEau_lab_wqCond_2021-02-19_1,MaryamTohidi,Quebec_Ouest_WWTP_2021-02-17_pstGrit_1,ModelEau_lab,na,2021-02-19,na,mixed,wqCond,947.0,uS/cm,single,1,na,YES,YES,YES,YES,YES,YES,YES,na
Quebec_Est_WWTP_2021-02-17_pstGrit_1_ModelEau_lab_wqPh_2021-02-19_1,MaryamTohidi,Quebec_Est_WWTP_2021-02-17_pstGrit_1,ModelEau_lab,na,2021-02-19,na,mixed,wqPh,7.7,ph,single,1,na,YES,YES,YES,YES,YES,YES,YES,na
Quebec_Ouest_WWTP_2021-02-17_pstGrit_1_ModelEau_lab_wqPh_2021-02-19_1,MaryamTohidi,Quebec_Ouest_WWTP_2021-02-17_pstGrit_1,ModelEau_lab,na,2021-02-19,na,mixed,wqPh,7.6,ph,single,1,na,YES,YES,YES,YES,YES,YES,YES,na
Quebec_Est_WWTP_2021-02-17_pstGrit_1_ModelEau_lab_wqNH4N_2021-02-19_1,MaryamTohidi,Quebec_Est_WWTP_2021-02-17_pstGrit_1,ModelEau_lab,na,2021-02-19,na,liquid,wqNH4N,18.7,mg/L,single,1,na,YES,YES,YES,YES,YES,YES,YES,na
Quebec_Est_WWTP_2021-02-17_pstGrit_1_ModelEau_lab_wqNH4N_2021-02-19_2,MaryamTohidi,Quebec_Est_WWTP_2021-02-17_pstGrit_1,ModelEau_lab,na,2021-02-19,na,liquid,wqNH4N,18.1,mg/L,single,2,na,YES,YES,YES,YES,YES,YES,YES,na
Quebec_Ouest_WWTP_2021-02-17_pstGrit_1_ModelEau_lab_wqNH4N_2021-02-19_1,MaryamTohidi,Quebec_Ouest_WWTP_2021-02-17_pstGrit_1,ModelEau_lab,na,2021-02-19,na,liquid,wqNH4N,19.0,mg/L,single,1,na,YES,YES,YES,YES,YES,YES,YES,na
Quebec_Ouest_WWTP_2021-02-17_pstGrit_1_ModelEau_lab_wqNH4N_2021-02-19_2,MaryamTohidi,Quebec_Ouest_WWTP_2021-02-17_pstGrit_1,ModelEau_lab,na,2021-02-19,na,liquid,wqNH4N,19.1,mg/L,single,2,na,YES,YES,YES,YES,YES,YES,YES,na
Quebec_Ouest_WWTP_2021-02-17_pstGrit_1_ModelEau_lab_wqTSS_2021-02-19_1,MaryamTohidi,Quebec_Ouest_WWTP_2021-02-17_pstGrit_1,ModelEau_lab,na,2021-02-19,na,mixed,wqTSS,289.9999999999903,mg/L,single,1,na,YES,YES,YES,YES,YES,YES,YES,na
Quebec_Ouest_WWTP_2021-02-17_pstGrit_1_ModelEau_lab_wqTSS_2021-02-19_2,MaryamTohidi,Quebec_Ouest_WWTP_2021-02-17_pstGrit_1,ModelEau_lab,na,2021-02-19,na,mixed,wqTSS,229.99999999999687,mg/L,single,2,na,YES,YES,YES,YES,YES,YES,YES,na
Quebec_Est_WWTP_2021-02-17_pstGrit_1_ModelEau_lab_wqTSS_2021-02-19_1,MaryamTohidi,Quebec_Est_WWTP_2021-02-17_pstGrit_1,ModelEau_lab,na,2021-02-19,na,mixed,wqTSS,269.99999999999244,mg/L,single,1,na,YES,YES,YES,YES,YES,YES,YES,na
Quebec_Est_WWTP_2021-02-17_pstGrit_1_ModelEau_lab_wqTSS_2021-02-19_2,MaryamTohidi,Quebec_Est_WWTP_2021-02-17_pstGrit_1,ModelEau_lab,na,2021-02-19,na,mixed,wqTSS,249.99999999999466,mg/L,single,2,na,YES,YES,YES,YES,YES,YES,YES,na
Quebec_Est_WWTP_2021-02-17_pstGrit_1_ModelEau_lab_wqTS_2021-02-19_1,MaryamTohidi,Quebec_Est_WWTP_2021-02-17_pstGrit_1,ModelEau_lab,na,2021-02-19,na,mixed,wqTS,958.0000000000055,mg/L,single,1,na,YES,YES,YES,YES,YES,YES,YES,na
Quebec_Est_WWTP_2021-02-17_pstGrit_1_ModelEau_lab_wqTS_2021-02-19_2,MaryamTohidi,Quebec_Est_WWTP_2021-02-17_pstGrit_1,ModelEau_lab,na,2021-02-19,na,mixed,wqTS,998.000000000001,mg/L,single,2,na,YES,YES,YES,YES,YES,YES,YES,na
Quebec_Ouest_WWTP_2021-02-17_pstGrit_1_ModelEau_lab_wqTS_2021-02-19_1,MaryamTohidi,Quebec_Ouest_WWTP_2021-02-17_pstGrit_1,ModelEau_lab,na,2021-02-19,na,mixed,wqTS,707.8431372549068,mg/L,single,1,na,YES,YES,YES,YES,YES,YES,YES,na
Quebec_Ouest_WWTP_2021-02-17_pstGrit_1_ModelEau_lab_wqTS_2021-02-19_2,MaryamTohidi,Quebec_Ouest_WWTP_2021-02-17_pstGrit_1,ModelEau_lab,na,2021-02-19,na,mixed,wqTS,739.6226415094363,mg/L,single,2,na,YES,YES,YES,YES,YES,YES,YES,na
Quebec_Est_WWTP_2021-02-18_pstGrit_1_ModelEau_lab_wqCond_2021-02-22_1,MaryamTohidi,Quebec_Est_WWTP_2021-02-18_pstGrit_1,ModelEau_lab,na,2021-02-22,na,mixed,wqCond,1200.0,uS/cm,single,1,na,YES,YES,YES,YES,YES,YES,YES,na
Quebec_Ouest_WWTP_2021-02-18_pstGrit_1_ModelEau_lab_wqCond_2021-02-22_1,MaryamTohidi,Quebec_Ouest_WWTP_2021-02-18_pstGrit_1,ModelEau_lab,na,2021-02-22,na,mixed,wqCond,905.0,uS/cm,single,1,na,YES,YES,YES,YES,YES,YES,YES,na
Quebec_Est_WWTP_2021-02-18_pstGrit_1_ModelEau_lab_wqPh_2021-02-22_1,MaryamTohidi,Quebec_Est_WWTP_2021-02-18_pstGrit_1,ModelEau_lab,na,2021-02-22,na,mixed,wqPh,7.5,ph,single,1,na,YES,YES,YES,YES,YES,YES,YES,na
Quebec_Ouest_WWTP_2021-02-18_pstGrit_1_ModelEau_lab_wqPh_2021-02-22_1,MaryamTohidi,Quebec_Ouest_WWTP_2021-02-18_pstGrit_1,ModelEau_lab,na,2021-02-22,na,mixed,wqPh,7.4,ph,single,1,na,YES,YES,YES,YES,YES,YES,YES,na
Quebec_Est_WWTP_2021-02-18_pstGrit_1_ModelEau_lab_wqNH4N_2021-02-22_1,MaryamTohidi,Quebec_Est_WWTP_2021-02-18_pstGrit_1,ModelEau_lab,na,2021-02-22,na,liquid,wqNH4N,17.4,mg/L,single,1,na,YES,YES,YES,YES,YES,YES,YES,na
Quebec_Est_WWTP_2021-02-18_pstGrit_1_ModelEau_lab_wqNH4N_2021-02-22_2,MaryamTohidi,Quebec_Est_WWTP_2021-02-18_pstGrit_1,ModelEau_lab,na,2021-02-22,na,liquid,wqNH4N,17.2,mg/L,single,2,na,YES,YES,YES,YES,YES,YES,YES,na
Quebec_Ouest_WWTP_2021-02-18_pstGrit_1_ModelEau_lab_wqNH4N_2021-02-22_1,MaryamTohidi,Quebec_Ouest_WWTP_2021-02-18_pstGrit_1,ModelEau_lab,na,2021-02-22,na,liquid,wqNH4N,14.3,mg/L,single,1,YES,YES,YES,YES,YES,YES,YES,YES,Dilution error
Quebec_Ouest_WWTP_2021-02-18_pstGrit_1_ModelEau_lab_wqNH4N_2021-02-22_2,MaryamTohidi,Quebec_Ouest_WWTP_2021-02-18_pstGrit_1,ModelEau_lab,na,2021-02-22,na,liquid,wqNH4N,19.8,mg/L,single,2,na,YES,YES,YES,YES,YES,YES,YES,na
Quebec_Est_WWTP_2021-02-19_pstGrit_1_ModelEau_lab_wqCond_2021-02-22_1,MaryamTohidi,Quebec_Est_WWTP_2021-02-19_pstGrit_1,ModelEau_lab,na,2021-02-22,na,mixed,wqCond,1423.0,uS/cm,single,1,na,YES,YES,YES,YES,YES,YES,YES,na
Quebec_Ouest_WWTP_2021-02-19_pstGrit_1_ModelEau_lab_wqCond_2021-02-22_1,MaryamTohidi,Quebec_Ouest_WWTP_2021-02-19_pstGrit_1,ModelEau_lab,na,2021-02-22,na,mixed,wqCond,944.0,uS/cm,single,1,na,YES,YES,YES,YES,YES,YES,YES,na
Quebec_Est_WWTP_2021-02-19_pstGrit_1_ModelEau_lab_wqPh_2021-02-22_1,MaryamTohidi,Quebec_Est_WWTP_2021-02-19_pstGrit_1,ModelEau_lab,na,2021-02-22,na,mixed,wqPh,7.4,ph,single,1,na,YES,YES,YES,YES,YES,YES,YES,na
Quebec_Ouest_WWTP_2021-02-19_pstGrit_1_ModelEau_lab_wqPh_2021-02-22_1,MaryamTohidi,Quebec_Ouest_WWTP_2021-02-19_pstGrit_1,ModelEau_lab,na,2021-02-22,na,mixed,wqPh,7.5,ph,single,1,na,YES,YES,YES,YES,YES,YES,YES,na
Quebec_Est_WWTP_2021-02-19_pstGrit_1_ModelEau_lab_wqNH4N_2021-02-22_1,MaryamTohidi,Quebec_Est_WWTP_2021-02-19_pstGrit_1,ModelEau_lab,na,2021-02-22,na,liquid,wqNH4N,19.7,mg/L,single,1,na,YES,YES,YES,YES,YES,YES,YES,na
Quebec_Est_WWTP_2021-02-19_pstGrit_1_ModelEau_lab_wqNH4N_2021-02-22_2,MaryamTohidi,Quebec_Est_WWTP_2021-02-19_pstGrit_1,ModelEau_lab,na,2021-02-22,na,liquid,wqNH4N,19.1,mg/L,single,2,na,YES,YES,YES,YES,YES,YES,YES,na
Quebec_Ouest_WWTP_2021-02-19_pstGrit_1_ModelEau_lab_wqNH4N_2021-02-22_1,MaryamTohidi,Quebec_Ouest_WWTP_2021-02-19_pstGrit_1,ModelEau_lab,na,2021-02-22,na,liquid,wqNH4N,19.5,mg/L,single,1,na,YES,YES,YES,YES,YES,YES,YES,na
Quebec_Ouest_WWTP_2021-02-19_pstGrit_1_ModelEau_lab_wqNH4N_2021-02-22_2,MaryamTohidi,Quebec_Ouest_WWTP_2021-02-19_pstGrit_1,ModelEau_lab,na,2021-02-22,na,liquid,wqNH4N,19.8,mg/L,single,2,na,YES,YES,YES,YES,YES,YES,YES,na
Quebec_Est_WWTP_2021-02-20_pstGrit_1_ModelEau_lab_wqCond_2021-02-22_1,MaryamTohidi,Quebec_Est_WWTP_2021-02-20_pstGrit_1,ModelEau_lab,na,2021-02-22,na,mixed,wqCond,1179.0,uS/cm,single,1,na,YES,YES,YES,YES,YES,YES,YES,na
Quebec_Ouest_WWTP_2021-02-20_pstGrit_1_ModelEau_lab_wqCond_2021-02-22_1,MaryamTohidi,Quebec_Ouest_WWTP_2021-02-20_pstGrit_1,ModelEau_lab,na,2021-02-22,na,mixed,wqCond,958.0,uS/cm,single,1,na,YES,YES,YES,YES,YES,YES,YES,na
Quebec_Est_WWTP_2021-02-20_pstGrit_1_ModelEau_lab_wqPh_2021-02-22_1,MaryamTohidi,Quebec_Est_WWTP_2021-02-20_pstGrit_1,ModelEau_lab,na,2021-02-22,na,mixed,wqPh,7.5,ph,single,1,na,YES,YES,YES,YES,YES,YES,YES,na
Quebec_Ouest_WWTP_2021-02-20_pstGrit_1_ModelEau_lab_wqPh_2021-02-22_1,MaryamTohidi,Quebec_Ouest_WWTP_2021-02-20_pstGrit_1,ModelEau_lab,na,2021-02-22,na,mixed,wqPh,7.6,ph,single,1,na,YES,YES,YES,YES,YES,YES,YES,na
Quebec_Est_WWTP_2021-02-20_pstGrit_1_ModelEau_lab_wqNH4N_2021-02-22_1,MaryamTohidi,Quebec_Est_WWTP_2021-02-20_pstGrit_1,ModelEau_lab,na,2021-02-22,na,liquid,wqNH4N,19.2,mg/L,single,1,na,YES,YES,YES,YES,YES,YES,YES,na
Quebec_Est_WWTP_2021-02-20_pstGrit_1_ModelEau_lab_wqNH4N_2021-02-22_2,MaryamTohidi,Quebec_Est_WWTP_2021-02-20_pstGrit_1,ModelEau_lab,na,2021-02-22,na,liquid,wqNH4N,19.4,mg/L,single,2,na,YES,YES,YES,YES,YES,YES,YES,na
Quebec_Ouest_WWTP_2021-02-20_pstGrit_1_ModelEau_lab_wqNH4N_2021-02-22_1,MaryamTohidi,Quebec_Ouest_WWTP_2021-02-20_pstGrit_1,ModelEau_lab,na,2021-02-22,na,liquid,wqNH4N,18.0,mg/L,single,1,na,YES,YES,YES,YES,YES,YES,YES,na
Quebec_Ouest_WWTP_2021-02-20_pstGrit_1_ModelEau_lab_wqNH4N_2021-02-22_2,MaryamTohidi,Quebec_Ouest_WWTP_2021-02-20_pstGrit_1,ModelEau_lab,na,2021-02-22,na,liquid,wqNH4N,18.2,mg/L,single,2,na,YES,YES,YES,YES,YES,YES,YES,na
Quebec_Est_WWTP_2021-02-18_pstGrit_1_ModelEau_lab_wqTSS_2021-02-22_1,MaryamTohidi,Quebec_Est_WWTP_2021-02-18_pstGrit_1,ModelEau_lab,na,2021-02-22,na,mixed,wqTSS,219.99999999999798,mg/L,single,1,na,YES,YES,YES,YES,YES,YES,YES,na
Quebec_Est_WWTP_2021-02-18_pstGrit_1_ModelEau_lab_wqTSS_2021-02-22_2,MaryamTohidi,Quebec_Est_WWTP_2021-02-18_pstGrit_1,ModelEau_lab,na,2021-02-22,na,mixed,wqTSS,239.99999999999577,mg/L,single,2,na,YES,YES,YES,YES,YES,YES,YES,na
Quebec_Est_WWTP_2021-02-19_pstGrit_1_ModelEau_lab_wqTSS_2021-02-22_1,MaryamTohidi,Quebec_Est_WWTP_2021-02-19_pstGrit_1,ModelEau_lab,na,2021-02-22,na,mixed,wqTSS,239.99999999999577,mg/L,single,1,na,YES,YES,YES,YES,YES,YES,YES,na
Quebec_Est_WWTP_2021-02-19_pstGrit_1_ModelEau_lab_wqTSS_2021-02-22_2,MaryamTohidi,Quebec_Est_WWTP_2021-02-19_pstGrit_1,ModelEau_lab,na,2021-02-22,na,mixed,wqTSS,260.00000000001575,mg/L,single,2,na,YES,YES,YES,YES,YES,YES,YES,na
Quebec_Est_WWTP_2021-02-20_pstGrit_1_ModelEau_lab_wqTSS_2021-02-22_1,MaryamTohidi,Quebec_Est_WWTP_2021-02-20_pstGrit_1,ModelEau_lab,na,2021-02-22,na,mixed,wqTSS,229.99999999999687,mg/L,single,1,na,YES,YES,YES,YES,YES,YES,YES,na
Quebec_Est_WWTP_2021-02-20_pstGrit_1_ModelEau_lab_wqTSS_2021-02-22_2,MaryamTohidi,Quebec_Est_WWTP_2021-02-20_pstGrit_1,ModelEau_lab,na,2021-02-22,na,mixed,wqTSS,259.9999999999936,mg/L,single,2,na,YES,YES,YES,YES,YES,YES,YES,na
Quebec_Ouest_WWTP_2021-02-18_pstGrit_1_ModelEau_lab_wqTSS_2021-02-22_1,MaryamTohidi,Quebec_Ouest_WWTP_2021-02-18_pstGrit_1,ModelEau_lab,na,2021-02-22,na,mixed,wqTSS,249.99999999999466,mg/L,single,1,na,YES,YES,YES,YES,YES,YES,YES,na
Quebec_Ouest_WWTP_2021-02-18_pstGrit_1_ModelEau_lab_wqTSS_2021-02-22_2,MaryamTohidi,Quebec_Ouest_WWTP_2021-02-18_pstGrit_1,ModelEau_lab,na,2021-02-22,na,mixed,wqTSS,249.99999999999466,mg/L,single,2,na,YES,YES,YES,YES,YES,YES,YES,na
Quebec_Ouest_WWTP_2021-02-19_pstGrit_1_ModelEau_lab_wqTSS_2021-02-22_1,MaryamTohidi,Quebec_Ouest_WWTP_2021-02-19_pstGrit_1,ModelEau_lab,na,2021-02-22,na,mixed,wqTSS,229.99999999999687,mg/L,single,1,na,YES,YES,YES,YES,YES,YES,YES,na
Quebec_Ouest_WWTP_2021-02-19_pstGrit_1_ModelEau_lab_wqTSS_2021-02-22_2,MaryamTohidi,Quebec_Ouest_WWTP_2021-02-19_pstGrit_1,ModelEau_lab,na,2021-02-22,na,mixed,wqTSS,200.00000000000017,mg/L,single,2,na,YES,YES,YES,YES,YES,YES,YES,na
Quebec_Ouest_WWTP_2021-02-20_pstGrit_1_ModelEau_lab_wqTSS_2021-02-22_1,MaryamTohidi,Quebec_Ouest_WWTP_2021-02-20_pstGrit_1,ModelEau_lab,na,2021-02-22,na,mixed,wqTSS,330.0000000000081,mg/L,single,1,na,YES,YES,YES,YES,YES,YES,YES,na
Quebec_Ouest_WWTP_2021-02-20_pstGrit_1_ModelEau_lab_wqTSS_2021-02-22_2,MaryamTohidi,Quebec_Ouest_WWTP_2021-02-20_pstGrit_1,ModelEau_lab,na,2021-02-22,na,mixed,wqTSS,219.99999999999798,mg/L,single,2,na,YES,YES,YES,YES,YES,YES,YES,na
Quebec_Est_WWTP_2021-02-18_pstGrit_1_ModelEau_lab_wqTS_2021-02-22_1,MaryamTohidi,Quebec_Est_WWTP_2021-02-18_pstGrit_1,ModelEau_lab,na,2021-02-22,na,mixed,wqTS,931.3725490196142,mg/L,single,1,na,YES,YES,YES,YES,YES,YES,YES,na
Quebec_Est_WWTP_2021-02-18_pstGrit_1_ModelEau_lab_wqTS_2021-02-22_2,MaryamTohidi,Quebec_Est_WWTP_2021-02-18_pstGrit_1,ModelEau_lab,na,2021-02-22,na,mixed,wqTS,904.0000000000069,mg/L,single,2,na,YES,YES,YES,YES,YES,YES,YES,na
Quebec_Est_WWTP_2021-02-19_pstGrit_1_ModelEau_lab_wqTS_2021-02-22_1,MaryamTohidi,Quebec_Est_WWTP_2021-02-19_pstGrit_1,ModelEau_lab,na,2021-02-22,na,mixed,wqTS,1013.7254901960844,mg/L,single,1,na,YES,YES,YES,YES,YES,YES,YES,na
Quebec_Est_WWTP_2021-02-19_pstGrit_1_ModelEau_lab_wqTS_2021-02-22_2,MaryamTohidi,Quebec_Est_WWTP_2021-02-19_pstGrit_1,ModelEau_lab,na,2021-02-22,na,mixed,wqTS,946.0000000000157,mg/L,single,2,na,YES,YES,YES,YES,YES,YES,YES,na
Quebec_Est_WWTP_2021-02-20_pstGrit_1_ModelEau_lab_wqTS_2021-02-22_1,MaryamTohidi,Quebec_Est_WWTP_2021-02-20_pstGrit_1,ModelEau_lab,na,2021-02-22,na,mixed,wqTS,891.9999999999994,mg/L,single,1,na,YES,YES,YES,YES,YES,YES,YES,na
Quebec_Est_WWTP_2021-02-20_pstGrit_1_ModelEau_lab_wqTS_2021-02-22_2,MaryamTohidi,Quebec_Est_WWTP_2021-02-20_pstGrit_1,ModelEau_lab,na,2021-02-22,na,mixed,wqTS,874.0000000000058,mg/L,single,2,na,YES,YES,YES,YES,YES,YES,YES,na
Quebec_Ouest_WWTP_2021-02-18_pstGrit_1_ModelEau_lab_wqTS_2021-02-22_1,MaryamTohidi,Quebec_Ouest_WWTP_2021-02-18_pstGrit_1,ModelEau_lab,na,2021-02-22,na,mixed,wqTS,755.9999999999966,mg/L,single,1,na,YES,YES,YES,YES,YES,YES,YES,na
Quebec_Ouest_WWTP_2021-02-18_pstGrit_1_ModelEau_lab_wqTS_2021-02-22_2,MaryamTohidi,Quebec_Ouest_WWTP_2021-02-18_pstGrit_1,ModelEau_lab,na,2021-02-22,na,mixed,wqTS,713.999999999988,mg/L,single,2,na,YES,YES,YES,YES,YES,YES,YES,na
Quebec_Ouest_WWTP_2021-02-19_pstGrit_1_ModelEau_lab_wqTS_2021-02-22_1,MaryamTohidi,Quebec_Ouest_WWTP_2021-02-19_pstGrit_1,ModelEau_lab,na,2021-02-22,na,mixed,wqTS,709.8039215686277,mg/L,single,1,na,YES,YES,YES,YES,YES,YES,YES,na
Quebec_Ouest_WWTP_2021-02-19_pstGrit_1_ModelEau_lab_wqTS_2021-02-22_2,MaryamTohidi,Quebec_Ouest_WWTP_2021-02-19_pstGrit_1,ModelEau_lab,na,2021-02-22,na,mixed,wqTS,733.9999999999947,mg/L,single,2,na,YES,YES,YES,YES,YES,YES,YES,na
Quebec_Ouest_WWTP_2021-02-20_pstGrit_1_ModelEau_lab_wqTS_2021-02-22_1,MaryamTohidi,Quebec_Ouest_WWTP_2021-02-20_pstGrit_1,ModelEau_lab,na,2021-02-22,na,mixed,wqTS,747.9999999999975,mg/L,single,1,na,YES,YES,YES,YES,YES,YES,YES,na
Quebec_Ouest_WWTP_2021-02-20_pstGrit_1_ModelEau_lab_wqTS_2021-02-22_2,MaryamTohidi,Quebec_Ouest_WWTP_2021-02-20_pstGrit_1,ModelEau_lab,na,2021-02-22,na,mixed,wqTS,734.0000000000124,mg/L,single,2,na,YES,YES,YES,YES,YES,YES,YES,na
Quebec_Est_WWTP_2021-02-21_pstGrit_1_ModelEau_lab_wqNH4N_2021-02-24_1,MaryamTohidi,Quebec_Est_WWTP_2021-02-21_pstGrit_1,ModelEau_lab,na,2021-02-24,na,liquid,wqNH4N,19.3,mg/L,single,1,na,YES,YES,YES,YES,YES,YES,YES,na
Quebec_Est_WWTP_2021-02-21_pstGrit_1_ModelEau_lab_wqNH4N_2021-02-24_2,MaryamTohidi,Quebec_Est_WWTP_2021-02-21_pstGrit_1,ModelEau_lab,na,2021-02-24,na,liquid,wqNH4N,19.8,mg/L,single,2,na,YES,YES,YES,YES,YES,YES,YES,na
Quebec_Est_WWTP_2021-02-22_pstGrit_1_ModelEau_lab_wqNH4N_2021-02-24_1,MaryamTohidi,Quebec_Est_WWTP_2021-02-22_pstGrit_1,ModelEau_lab,na,2021-02-24,na,liquid,wqNH4N,19.9,mg/L,single,1,na,YES,YES,YES,YES,YES,YES,YES,na
Quebec_Est_WWTP_2021-02-22_pstGrit_1_ModelEau_lab_wqNH4N_2021-02-24_2,MaryamTohidi,Quebec_Est_WWTP_2021-02-22_pstGrit_1,ModelEau_lab,na,2021-02-24,na,liquid,wqNH4N,20.4,mg/L,single,2,na,YES,YES,YES,YES,YES,YES,YES,na
Quebec_Ouest_WWTP_2021-02-21_pstGrit_1_ModelEau_lab_wqNH4N_2021-02-24_1,MaryamTohidi,Quebec_Ouest_WWTP_2021-02-21_pstGrit_1,ModelEau_lab,na,2021-02-24,na,liquid,wqNH4N,18.5,mg/L,single,1,na,YES,YES,YES,YES,YES,YES,YES,na
Quebec_Ouest_WWTP_2021-02-21_pstGrit_1_ModelEau_lab_wqNH4N_2021-02-24_2,MaryamTohidi,Quebec_Ouest_WWTP_2021-02-21_pstGrit_1,ModelEau_lab,na,2021-02-24,na,liquid,wqNH4N,18.4,mg/L,single,2,na,YES,YES,YES,YES,YES,YES,YES,na
Quebec_Ouest_WWTP_2021-02-22_pstGrit_1_ModelEau_lab_wqNH4N_2021-02-24_1,MaryamTohidi,Quebec_Ouest_WWTP_2021-02-22_pstGrit_1,ModelEau_lab,na,2021-02-24,na,liquid,wqNH4N,18.6,mg/L,single,1,na,YES,YES,YES,YES,YES,YES,YES,na
Quebec_Ouest_WWTP_2021-02-22_pstGrit_1_ModelEau_lab_wqNH4N_2021-02-24_2,MaryamTohidi,Quebec_Ouest_WWTP_2021-02-22_pstGrit_1,ModelEau_lab,na,2021-02-24,na,liquid,wqNH4N,18.2,mg/L,single,2,na,YES,YES,YES,YES,YES,YES,YES,na
Quebec_Est_WWTP_2021-02-21_pstGrit_1_ModelEau_lab_wqCond_2021-02-24_1,MaryamTohidi,Quebec_Est_WWTP_2021-02-21_pstGrit_1,ModelEau_lab,na,2021-02-24,na,mixed,wqCond,1002.0,uS/cm,single,1,na,YES,YES,YES,YES,YES,YES,YES,na
Quebec_Est_WWTP_2021-02-22_pstGrit_1_ModelEau_lab_wqCond_2021-02-24_1,MaryamTohidi,Quebec_Est_WWTP_2021-02-22_pstGrit_1,ModelEau_lab,na,2021-02-24,na,mixed,wqCond,2280.0,uS/cm,single,1,na,YES,YES,YES,YES,YES,YES,YES,na
Quebec_Ouest_WWTP_2021-02-21_pstGrit_1_ModelEau_lab_wqCond_2021-02-24_1,MaryamTohidi,Quebec_Ouest_WWTP_2021-02-21_pstGrit_1,ModelEau_lab,na,2021-02-24,na,mixed,wqCond,808.0,uS/cm,single,1,na,YES,YES,YES,YES,YES,YES,YES,na
Quebec_Ouest_WWTP_2021-02-22_pstGrit_1_ModelEau_lab_wqCond_2021-02-24_1,MaryamTohidi,Quebec_Ouest_WWTP_2021-02-22_pstGrit_1,ModelEau_lab,na,2021-02-24,na,mixed,wqCond,1263.0,uS/cm,single,1,na,YES,YES,YES,YES,YES,YES,YES,na
Quebec_Est_WWTP_2021-02-21_pstGrit_1_ModelEau_lab_wqPh_2021-02-24_1,MaryamTohidi,Quebec_Est_WWTP_2021-02-21_pstGrit_1,ModelEau_lab,na,2021-02-24,na,mixed,wqPh,7.4,ph,single,1,na,YES,YES,YES,YES,YES,YES,YES,na
Quebec_Est_WWTP_2021-02-22_pstGrit_1_ModelEau_lab_wqPh_2021-02-24_1,MaryamTohidi,Quebec_Est_WWTP_2021-02-22_pstGrit_1,ModelEau_lab,na,2021-02-24,na,mixed,wqPh,7.5,ph,single,1,na,YES,YES,YES,YES,YES,YES,YES,na
Quebec_Ouest_WWTP_2021-02-21_pstGrit_1_ModelEau_lab_wqPh_2021-02-24_1,MaryamTohidi,Quebec_Ouest_WWTP_2021-02-21_pstGrit_1,ModelEau_lab,na,2021-02-24,na,mixed,wqPh,7.6,ph,single,1,na,YES,YES,YES,YES,YES,YES,YES,na
Quebec_Ouest_WWTP_2021-02-22_pstGrit_1_ModelEau_lab_wqPh_2021-02-24_1,MaryamTohidi,Quebec_Ouest_WWTP_2021-02-22_pstGrit_1,ModelEau_lab,na,2021-02-24,na,mixed,wqPh,7.5,ph,single,1,na,YES,YES,YES,YES,YES,YES,YES,na
Quebec_Est_WWTP_2021-02-21_pstGrit_1_ModelEau_lab_wqTurb_2021-02-24_1,MaryamTohidi,Quebec_Est_WWTP_2021-02-21_pstGrit_1,ModelEau_lab,na,2021-02-24,na,mixed,wqTurb,123.0,NTU,single,1,na,YES,YES,YES,YES,YES,YES,YES,na
Quebec_Est_WWTP_2021-02-22_pstGrit_1_ModelEau_lab_wqTurb_2021-02-24_1,MaryamTohidi,Quebec_Est_WWTP_2021-02-22_pstGrit_1,ModelEau_lab,na,2021-02-24,na,mixed,wqTurb,126.0,NTU,single,1,na,YES,YES,YES,YES,YES,YES,YES,na
Quebec_Ouest_WWTP_2021-02-21_pstGrit_1_ModelEau_lab_wqTurb_2021-02-24_1,MaryamTohidi,Quebec_Ouest_WWTP_2021-02-21_pstGrit_1,ModelEau_lab,na,2021-02-24,na,mixed,wqTurb,85.5,NTU,single,1,na,YES,YES,YES,YES,YES,YES,YES,na
Quebec_Ouest_WWTP_2021-02-22_pstGrit_1_ModelEau_lab_wqTurb_2021-02-24_1,MaryamTohidi,Quebec_Ouest_WWTP_2021-02-22_pstGrit_1,ModelEau_lab,na,2021-02-24,na,mixed,wqTurb,93.2,NTU,single,1,na,YES,YES,YES,YES,YES,YES,YES,na
Quebec_Est_WWTP_2021-02-21_pstGrit_1_ModelEau_lab_wqTSS_2021-02-24_1,MaryamTohidi,Quebec_Est_WWTP_2021-02-21_pstGrit_1,ModelEau_lab,na,2021-02-24,na,mixed,wqTSS,270.00000000001467,mg/L,single,1,na,YES,YES,YES,YES,YES,YES,YES,na
Quebec_Est_WWTP_2021-02-21_pstGrit_1_ModelEau_lab_wqTSS_2021-02-24_2,MaryamTohidi,Quebec_Est_WWTP_2021-02-21_pstGrit_1,ModelEau_lab,na,2021-02-24,na,mixed,wqTSS,310.0000000000103,mg/L,single,2,na,YES,YES,YES,YES,YES,YES,YES,na
Quebec_Est_WWTP_2021-02-22_pstGrit_1_ModelEau_lab_wqTSS_2021-02-24_1,MaryamTohidi,Quebec_Est_WWTP_2021-02-22_pstGrit_1,ModelEau_lab,na,2021-02-24,na,mixed,wqTSS,360.0000000000048,mg/L,single,1,na,YES,YES,YES,YES,YES,YES,YES,na
Quebec_Est_WWTP_2021-02-22_pstGrit_1_ModelEau_lab_wqTSS_2021-02-24_2,MaryamTohidi,Quebec_Est_WWTP_2021-02-22_pstGrit_1,ModelEau_lab,na,2021-02-24,na,mixed,wqTSS,380.00000000000256,mg/L,single,2,na,YES,YES,YES,YES,YES,YES,YES,na
Quebec_Ouest_WWTP_2021-02-21_pstGrit_1_ModelEau_lab_wqTSS_2021-02-24_1,MaryamTohidi,Quebec_Ouest_WWTP_2021-02-21_pstGrit_1,ModelEau_lab,na,2021-02-24,na,mixed,wqTSS,360.0000000000048,mg/L,single,1,na,YES,YES,YES,YES,YES,YES,YES,na
Quebec_Ouest_WWTP_2021-02-21_pstGrit_1_ModelEau_lab_wqTSS_2021-02-24_2,MaryamTohidi,Quebec_Ouest_WWTP_2021-02-21_pstGrit_1,ModelEau_lab,na,2021-02-24,na,mixed,wqTSS,na,mg/L,single,2,YES,YES,YES,YES,YES,YES,YES,YES,High m0 : low storage time in the convection oven
Quebec_Ouest_WWTP_2021-02-22_pstGrit_1_ModelEau_lab_wqTSS_2021-02-24_1,MaryamTohidi,Quebec_Ouest_WWTP_2021-02-22_pstGrit_1,ModelEau_lab,na,2021-02-24,na,mixed,wqTSS,na,mg/L,single,1,YES,YES,YES,YES,YES,YES,YES,YES,High m0 : low storage time in the convection oven
Quebec_Ouest_WWTP_2021-02-22_pstGrit_1_ModelEau_lab_wqTSS_2021-02-24_2,MaryamTohidi,Quebec_Ouest_WWTP_2021-02-22_pstGrit_1,ModelEau_lab,na,2021-02-24,na,mixed,wqTSS,na,mg/L,single,2,YES,YES,YES,YES,YES,YES,YES,YES,High m0 : low storage time in the convection oven
